word,score,worktime,moneyrating,colleague,job,companyculture,social,growthtraining
人,0,,,,,,,
ため,0,,,,,,,
こと,0,,,,,,,
会社,0,,,,,,,
仕事,0,,,,1,,,
環境,0,,,,,1,,
良い,1,,,,,,,
方,0,,,,,,,
自分,0,,,,,,,
やすい,1,,,,,,,
成長,1,,,,,,,1
業務,0,,,,,,,
ない,0,,,,,,,
多い,0,,,,,,,
の,0,,,,,,,
友人,0,,,,,,,
点,0,,,,,,,
紹介,0,,,,,,,
やりがい,1,,,,,,,
知人,0,,,,,,,
的,0,,,,,,,
よう,0,,,,,,,
いい,1,,,,,,,
等,0,,,,,,,
お勧め,1,,,,,,,
社風,0,,,,,1,,
多く,0,,,,,,,
面,0,,,,,,,
給与,0,,1,,,,,
おすすめ,1,,,,,,,
そう,0,,,,,,,
入社,0,,,,,,,
職場,0,,,,,1,,
高い,0,,,,,,,
企業,0,,,,,,,
内容,0,,,,,,,
ところ,0,,,,,,,
社員,0,,,,,,,
福利厚生,0,,1,,,,,
とても,0,,,,,,,
経験,0,,,,,,,
制度,0,,1,,,,,
雰囲気,0,,,,,,,
さ,0,,,,,,,
為,0,,,,,,,
評価,0,,1,,,,,
部署,0,,,,,,,
転職,0,,,,,,,
あまり,0,,,,,,,
私,0,,,,,,,
給料,0,,1,,,,,
者,0,,,,,,,
非常,0,,,,,,,
にくい,-1,,,,,,,
難しい,-1,,,,,,,
特に,0,,,,,,,
しっかり,0,,,,,,,
場合,0,,,,,,,
風土,0,,,,,1,,
量,0,,,,,,,
勤務,0,,,,,,,
社内,0,,,,,,,
事,0,,,,,,,
部分,0,,,,,,,
自由,0,,,,,,,
それ,0,,,,,,,
グループ,0,,,,,,,
事業,0,,,,1,,,
よい,1,,,,,,,
充実,1,,,,,,,
魅力,1,,,,,,,
上司,0,,,1,,,,
自分自身,0,,,,,,,
個人,0,,,,,,,
他,0,,,,,,,
業界,0,,,,,,,
他社,0,,,,,,,
機会,0,,,,,,,
もの,0,,,,,,,
女性,0,,,,,,,
少ない,-1,,,,,,,
よく,0,,,,,,,
理由,0,,,,,,,
安定,0,,,,,,,
必要,0,,,,,,,
残業,0,,,,,,,
キャリア,0,,,,,,,
大きい,0,,,,,,,
悪い,-1,,,,,,,
労働時間,0,1,,,,,,
状況,0,,,,,,,
気,0,,,,,,,
社会,0,,,,,,1,
自身,0,,,,,,,
組織,0,,,,,,,
時間,0,,,,,,,
中,0,,,,,,,
どう,0,,,,,,,
今,0,,,,,,,
良く,1,,,,,,,
シミック,0,,,,,,,
採用,0,,,,,,,
本人,0,,,,,,,
なく,0,,,,,,,
マイナス,-1,,,,,,,
職種,0,,,,,,,
大変,-1,,,,,,,
RCA,0,,,,,,,
待遇,0,,1,,,,,
周り,0,,,,,,,
活躍,0,,,,,,,
体制,0,,,,,1,,
人材,0,,,1,,,,
人間関係,0,,,1,,,,
かなり,0,,,,,,,
職,0,,,,,,,
興味,0,,,,,,,
まだ,0,,,,,,,
現在,0,,,,,,,
教育,0,,,,,,,1
日立,0,,,,,,,
厳しい,0,,,,,,,
長く,0,,,,,,,
仲間,0,,,,,,,
希望,0,,,,,,,
周囲,0,,,,,,,
楽しい,1,,,,,,,
マッチ,0,,,,,,,
以上,0,,,,,,,
差,0,,,,,,,
意欲,0,,,,,,,
大きく,0,,,,,,,
理解,0,,,,,,,
不向き,0,,,,,,,
志向,0,,,,,,,
高く,0,,,,,,,
何,0,,,,,,,
次第,0,,,,,,,
チャレンジ,0,,,,,,,
点数,0,,,,,,,
強く,0,,,,,,,
意味,0,,,,,,,
現状,0,,,,,,,
比較,0,,,,,,,
責任,0,,,,,,,
年齢,0,,,,,,,
職場環境,0,,,,,1,,
期待,0,,,,,,,
後,0,,,,,,,
力,0,,,,,,,
満足,1,,,,,,,
低い,0,,,,,,,
不安,-1,,,,,,,
スキル,0,,,,,,,
相手,0,,,,,,,
誰,0,,,,,,,
はっきり,0,,,,,,,
自信,0,,,,,,,
時,0,,,,,,,
フレックス,0,,,,,,,
能力,0,,,,,,,
将来,0,,,,,,,
い人,0,,,,,,,
可能性,0,,,,,,,
悪く,0,,,,,,,
前,0,,,,,,,
積極的,1,,,,,,,
イメージ,0,,,,,,,
性,0,,,,,,,
問題,0,,,,,,,
関係,0,,,,,,,
ある程度,0,,,,,,,
長い,0,,,,,,,
風通し,0,,,,,1,,
実際,0,,,,,,,
向き,0,,,,,,,
リクルート,0,,,,,1,,
わけ,0,,,,,,,
無い,0,,,,,,,
CRC,0,,,,,,,
文化,0,,,,,,,
現場,0,,,,,,,
オススメ,0,,,,,,,
10点,0,,,,,,,
やすく,1,,,,,,,
全体,0,,,,,,,
分野,0,,,,,,,
ワークライフバランス,0,1,,,,,,
上,0,,,,,,,
強い,0,,,,,,,
研修,0,,,,,,,1
改善,0,,,,,,,
内,0,,,,,,,
意見,0,,,,,,,
レベル,0,,,,,,,
そこ,0,,,,,,,
づらい,0,,,,,,,
n,0,,,,,,,
比較的,0,,,,,,,
先,0,,,,,,,
基本的,0,,,,,,,
対応,0,,,,,,,
素晴らしい,1,,,,,,,
タイプ,0,,,,,,,
労働環境,0,,1,,,,,
手当,0,,1,,,,,
以外,0,,,,,,,
将来性,0,,,,,,,
新しい,0,,,,,,,
日立製作所,0,,,,,,,
これ,0,,,,,,,
好き,1,,,,,,,
意識,0,,,,,,,
明確,0,,,,,,,
目標,0,,,,,,,
今後,0,,,,,,,
判断,0,,,,,,,
価値観,0,,,,,,,
オフィス,0,,,,,,,
新卒,0,,,,,,,
一緒,0,,,,,,,
負担,0,,,,,,,
技術,0,,,,,,,
知識,0,,,,,,,
様々,0,,,,,,,
裁量,0,,,,,,,1
それぞれ,0,,,,,,,
度,0,,,,,,,
2点,0,,,,,,,
自己,0,,,,,,,
個人的,0,,,,,,,
メリット,1,,,,,,,
7点,0,,,,,,,
プロジェクト,0,,,,,,,
価値,0,,,,,,,
サポート,0,,,,,,,
考え方,0,,,,,,,
所属,0,,,,,,,
休み,0,1,,,,,,
CRO,0,,,,,,,
全く,0,,,,,,,
モチベーション,0,,,,,,,
少し,0,,,,,,,
優秀,0,,,1,,,,
常に,0,,,,,,,
人間,0,,,,,,,
印象,0,,,,,,,
英語,0,,,,,,,
変化,0,,,,,,,
配属,0,,,,,,,
業種,0,,,,,,,
中途,0,,,,,,,
ビジョン,0,,,,,,,
貢献,0,,,,,,,
自体,0,,,,,,,
楽しく,1,,,,,,,
本当に,0,,,,,,,
工場,0,,,,,,,
刺激,0,,,,,,,1
若い,1,,,,,,,
先輩,0,,,,,,,
親しい,1,,,1,,,,
場,0,,,,,,,
忙しい,-1,1,,,,,,
感,0,,,,,,,
ポイント,0,,,,,,,
1,0,,,,,,,
作業,0,,,,,,,
疑問,0,,,,,,,
メンバー,0,,,,,,,
日々,0,,,,,,,
人生,0,,,,,,,
観点,0,,,,,,,
CRA,0,,,,,,,
気持ち,0,,,,,,,
覚悟,0,,,,,,,
やる気,0,,,,,,,
大切,0,,,,,,,
部門,0,,,,,,,
以前,0,,,,,,,
バランス,0,,,,,,,
きちんと,0,,,,,,,
最近,0,,,,,,,
もっと,0,,,,,,,
規模,0,,,,,,,
尊重,0,,,,,,,
正直,0,,,,,,,
相談,0,,,,,,,
ストレス,0,,,,,,,
当社,0,,,,,,,
子育て,0,,,,,,,
システム,0,,,,,,,
リクルートキャリア,0,,,,,,,
日本,0,,,,,,,
業績,0,,,,,,,
すごく,0,,,,,,,
長期,0,,,,,,,
フィット,0,,,,,,,
営業,0,,,,,,,
私自身,0,,,,,,,
意思,0,,,,,,,
5点,0,,,,,,,
しない,0,,,,,,,
たくさん,0,,,,,,,
人事,0,,,,,,,
なかなか,0,,,,,,,
医療,0,,,,,,,
身,0,,,,,,,
甲斐,1,,,,,,,
大企業,0,,,,,,,
条件,0,,,,,,,
若手,0,,,,,,,
実感,0,,,,,,,
全員,0,,,,,,,
とき,0,,,,,,,
L,0,,,,,,,
自ら,0,,,,,,,
合致,0,,,,,,,
Y,0,,,,,,,
多,0,,,,,,,
いない,-1,,,,,,,
考え,0,,,,,,,
CMO,0,,,,,,,
8点,0,,,,,,,
色々,0,,,,,,,
従業員,0,,,,,,,
報酬,0,,,,,,,
退職,0,,,,,,,
なし,0,,,,,,,
年,0,,,,,,,
知り合い,0,,,,,,,
最高,0,,,,,,,
話,0,,,,,,,
20代,0,,,,,,,
一方,0,,,,,,,
IT,0,,,,,,,
休暇,0,1,,,,,,
不満,0,,,,,,,
若い人,0,,,,,,,
2,0,,,,,,,
取得,0,,,,,,,
たい人,0,,,,,,,
長時間労働,0,1,,,,,,
減点,-1,,,,,,,
産休,0,1,,,,,,
ハード,0,,,,,,,
可能,0,,,,,,,
担当,0,,,,,,,
いろいろ,0,,,,,,,
間,0,,,,,,,
カルチャー,0,,,,,,,
提供,0,,,,,,,
方々,0,,,,,,,
子供,0,,,,,,,
やす,0,,,,,,,
十分,0,,,,,,,
フォロー,0,,,,,,,
どちら,0,,,,,,,
状態,0,,,,,,,
重視,0,,,,,,,
開発,0,,,,,,,
同僚,0,,,,,,,
人たち,0,,,,,,,
大事,0,,,,,,,
製造,0,,,,,,,
チーム,0,,,,,,,
意義,0,,,,,,,
管理,0,,,,,,,
プライベート,0,,,,,,,
勤務時間,0,1,,,,,,
安い,0,,,,,,,
企業文化,0,,,,,1,,
是非,1,,,,,,,
1,0,,,,,,,
うち,0,,,,,,,
自由度,0,,,,,,,
未経験,0,,,,,,,
万人,0,,,,,,,
3,0,,,,,,,
目,0,,,,,,,
化,0,,,,,,,
実現,0,,,,,,,
結果,0,,,,,,,
社会貢献,0,,,,,,1,
誇り,0,,,,,,,
割,0,,,,,,,
10,0,,,,,,,
チャンス,0,,,,,,,
それなり,0,,,,,,,
すべて,0,,,,,,,
前向き,1,,,,,,,
理念,0,,,,,1,,
ぜひ,0,,,,,,,
30代,0,,,,,,,
不明,0,,,,,,,
ここ,0,,,,,,,
程度,0,,,,,,,
0,0,,,,,,,
施設,0,,,,,,,
マネジメント,0,,,,,,,
昔,0,,,,,,,
逆,0,,,,,,,
成果,0,,,,,,,
D,0,,,,,,,
コミュニケーション,0,,,,,,,
考慮,0,,,,,,,
生活,0,,,,,,,
ほしい,0,,,,,,,
世の中,0,,,,,,1,
影響,0,,,,,,,
世代,0,,,,,,,
医薬品,0,,,,,,,
まだまだ,0,,,,,,,
社会的,0,,,,,,1,
傾向,0,,,,,,,
系,0,,,,,,,
これから,0,,,,,,,
さん,0,,,,,,,
ほう,0,,,,,,,
数,0,,,,,,,
目的,0,,,,,,,
相性,0,,,,,,,
5,0,,,,,,,
経営,0,,,,,,,
独特,0,,,,,,,
適性,0,,,,,,,
グローバル,0,,,,,,,
もちろん,0,,,,,,,
セキュリティ,0,,,,,,,
思い,0,,,,,,,
育児,0,1,,,,,,
お客様,0,,,,,,,
一概に,0,,,,,,,
感じ,0,,,,,,,
地,0,,,,,,,
必ずしも,0,,,,,,,
全て,0,,,,,,,
多様,0,,,,,,,
本気,0,,,,,,,
分,0,,,,,,,
際,0,,,,,,,
場所,0,,,,,,,
原子力,0,,,,,,,
説明,0,,,,,,,
顧客,0,,,,,,,
調整,0,,,,,,,
少なく,0,,,,,,,
どこ,0,,,,,,,
住宅,0,,,,,,,
共感,0,,,,,,,
姿勢,0,,,,,,,
前提,0,,,,,,,
限り,0,,,,,,,
トレンドマイクロ,0,,,,,,,
社,0,,,,,,,
家族,0,,,,,,,
方針,0,,,,,,,
面白い,1,,,,,,,
特殊,0,,,,,,,
積極,0,,,,,,,
上記,0,,,,,,,
治験,0,,,,1,,,
デメリット,-1,,,,,,,
昇給,0,,,,,,,
適切,0,,,,,,,
給与水準,0,,1,,,,,
激しい,0,,,,,,,
看護師,0,,,,,,,
行動,0,,,,,,,
反面,0,,,,,,,
課題,0,,,,,,,
ｹ,0,,,,,,,
グループ会社,0,,,,,,,
プラス,0,,,,,,,
専門,0,,,,,,,
上長,0,,,,,,,
中途採用,0,,,,,,,
5,0,,,,,,,
育休,0,1,,,,,,
契約社員,0,,,,,,,
ミッション,0,,,,,,,
働き,0,,,,,,,
家庭,0,,,,,,,
挑戦,0,,,,,,,
把握,0,,,,,,,
賃金,0,,,,,,,
別,0,,,,,,,
2,0,,,,,,,
低く,0,,,,,,,
楽,0,,,,,,,
満点,0,,,,,,,
t,0,,,,,,,
活動,0,,,,,,,
試験,0,,,,,,,
向上心,0,,,,,,,
時短,0,,,,,,,
時代,0,,,,,,,
同年代,0,,,,,,,
やや,0,,,,,,,
安定性,0,,,,,,,
大き,0,,,,,,,
発展,0,,,,,,,
ポジション,0,,,,,,,
間違い,0,,,,,,,
一人,0,,,,,,,
苦労,0,,,,,,,
人として,0,,,,,,,
安心,0,,,,,,,
両立,0,,,,,,,
立場,0,,,,,,,
選択肢,0,,,,,,,
A,0,,,,,,,
コンプライアンス,0,,,,,,,
支援,0,,,,,,,
友達,0,,,,,,,
ほとんど,0,,,,,,,
実施,0,,,,,,,
違い,0,,,,,,,
管理職,0,,,1,,,,
融通,0,,,,,,,
働きがい,0,,,,,,,
真ん中,0,,,,,,,
仕組み,0,,,,,,,
納得,0,,,,,,,
多々,0,,,,,,,
H,0,,,,,,,
病院,0,,,,,,,
居心地,0,,,,,,,
尊敬,1,,,1,,,,
多忙,0,,,,,,,
専門性,0,,,,,,,
辛い,-1,,,,,,,
向上,0,,,,,,,
意志,0,,,,,,,
推薦,0,,,,,,,
要求,0,,,,,,,
良さ,0,,,,,,,
g,0,,,,,,,
推奨,0,,,,,,,
信頼,0,,,,,,,
パレクセル,0,,,,,,,
導入,0,,,,,,,
スキルアップ,0,,,,,,,
休日,0,1,,,,,,
一番,0,,,,,,,
新人,0,,,,,,,
LM,0,,,,,,,
志向性,0,,,,,,,
収入,0,,,,,,,
W,0,,,,,,,
B,0,,,,,,,
みんな,0,,,,,,,
こちら,0,,,,,,,
訳,0,,,,,,,
雇用,0,,,,,,,
k,0,,,,,,,
数字,0,,,,,,,
外,0,,,,,,,
プレッシャー,0,,,,,,,
より,0,,,,,,,
要素,0,,,,,,,
個々,0,,,,,,,
6点,0,,,,,,,
すぐ,0,,,,,,,
結婚,0,,,,,,,
い方,0,,,,,,,
つらい,-1,,,,,,,
質問,0,,,,,,,
1点,0,,,,,,,
他人,0,,,,,,,
スタイル,0,,,,,,,
重要,0,,,,,,,
仕方,0,,,,,,,
有休,0,1,,,,,,
志,0,,,,,,,
やはり,0,,,,,,,
しんどい,-1,,,,,,,
以降,0,,,,,,,
範囲,0,,,,,,,
製薬,0,,,,,,,
側,0,,,,,,,
実績,0,,,,,,,
一般,0,,,,,,,
質,0,,,,,,,
回答,0,,,,,,,
協力,0,,,,,,,
定年,0,,,,,,,
部,0,,,,,,,
選択,0,,,,,,,
正社員,0,,,,,,,
所,0,,,,,,,
幅,0,,,,,,,
U,0,,,,,,,
進め方,0,,,,,,,
SSI,0,,,,,,,
弊社,0,,,,,,,
実力,0,,,,,,,
全力,0,,,,,,,
職務,0,,,,,,,
性格,0,,,,,,,
思考,0,,,,,,,
まわり,0,,,,,,,
発揮,0,,,,,,,
知名度,0,,,,,,,
4,0,,,,,,,
外資系,0,,,,,,,
個々人,0,,,,,,,
懸念,0,,,,,,,
1人,0,,,,,,,
マネージャー,0,,,,,,,
9点,0,,,,,,,
土日,0,1,,,,,,
中間,0,,,,,,,
情報,0,,,,,,,
不足,0,,,,,,,
体系,0,,,,,,,
残念,-1,,,,,,,
ほぼ,0,,,,,,,
一,0,,,,,,,
世間,0,,,,,,,
スタンス,0,,,,,,,
出産,0,1,,,,,,
設定,0,,,,,,,
外勤,0,,,,,,,
相当,0,,,,,,,
精神的,0,,,,,,,
決して,0,,,,,,,
キャリアプラン,0,,,,,,,
CA,0,,,,,,,
転勤,0,,,,,,,
一概,0,,,,,,,
技術者,0,,,,,,,
在宅,0,,,,,,,
0,0,,,,,,,
存在,0,,,,,,,
離職率,0,,,,,1,,
事実,0,,,,,,,
様,0,,,,,,,
勉強,0,,,,,,,
共有,0,,,,,,,
精神,0,,,,,,,
スタッフ,0,,,,,,,
簡単,0,,,,,,,
フィールド,0,,,,,,,
無駄,0,,,,,,,
雇用形態,0,,,,,,,
普通,0,,,,,,,
左右,0,,,,,,,
6,0,,,,,,,
Global,0,,,,,,,
総合的,0,,,,,,,
就職,0,,,,,,,
M,0,,,,,,,
ビジネス,0,,,,,,,
ススメ,0,,,,,,,
ｲ,0,,,,,,,
就業,0,,,,,,,
もし,0,,,,,,,
きつい,-1,,,,,,,
受託,0,,,,,,,
残業時間,0,1,,,,,,
3点,0,,,,,,,
対象,0,,,,,,,
高さ,0,,,,,,,
皆,0,,,,,,,
想定,0,,,,,,,
展開,0,,,,,,,
昇格,0,,1,,,,,
好きな人,0,,,,,,,
GE,0,,,,,,,
時期,0,,,,,,,
たち,0,,,,,,,
裁量権,0,,,,1,,,
うまく,0,,,,,,,
製薬会社,0,,,,,,,
署,0,,,,,,,
個性,0,,,,,,,
集中,0,,,,,,,
各種,0,,,,,,,
努力,0,,,,,,,
メンタル,0,,,,,,,
o,0,,,,,,,
長,0,,,,,,,
多様性,0,,,1,,,,
課,0,,,,,,,
声,0,,,,,,,
東京,0,,,,,,,
該当,0,,,,,,,
ハッキリ,0,,,,,,,
エンジニア,0,,,,,,,
幅広い,0,,,,,,,
視点,0,,,,,,,
フラット,0,,,,,,,
リソース,0,,,,,,,
喜び,1,,,,,,,
自社,0,,,,,,,
忙し,0,1,,,,,,
同期,0,,,,,,,
7,0,,,,,,,
有給,0,1,,,,,,
弱い,-1,,,,,,,
達成,0,,,,,,,
ｺ,0,,,,,,,
方向,0,,,,,,,
処遇,0,,1,,,,,
例,0,,,,,,,
良好,1,,,,,,,
とも,0,,,,,,,
海外,0,,,,,,,
広く,0,,,,,,,
一部,0,,,,,,,
h,0,,,,,,,
年次,0,,,,,,,
異動,0,,,,,,,
ニーズ,0,,,,,,,
外資,0,,,,,,,
何とも,0,,,,,,,
人材育成,0,,,,,,,1
体力,0,,,,,,,
Will,0,,,,,,,
近い,0,,,,,,,
在籍,0,,,,,,,
場面,0,,,,,,,
スケジュール,0,,,,,,,
福利,0,,1,,,,,
ギャップ,0,,,,,,,
労働条件,0,1,,,,,,
もう少し,-1,,,,,,,
外部,0,,,,,,,
教育制度,0,,,,,,,1
易い,1,,,,,,,
圧倒的,0,,,,,,,
その他,0,,,,,,,
育成,0,,,,,,,1
がち,0,,,,,,,
RA,0,,,,,,,
本音,0,,,,,,,
不十分,-1,,,,,,,
基本,0,,,,,,,
拠点,0,,,,,,,
日本企業,0,,,,,,,
あわ,0,,,,,,,
一定,0,,,,,,,
新入社員,0,,,,,,,
水準,0,,,,,,,
ばらつき,0,,,,,,,
困難,-1,,,,,,,
発生,0,,,,,,,
取り組み,0,,,,,,,
自主,0,,,,,,,
年収,0,,,,,,,
リスク,0,,,,,,,
鬼,0,,,,,,,
製品,0,,,,,,,
ずっと,0,,,,,,,
お互い,0,,,,,,,
8,0,,,,,,,
適正,0,,,,,,,
特徴,0,,,,,,,
想い,0,,,,,,,
ルール,0,,,,,,,
SMO,0,,,,,,,
ハードル,0,,,,,,,
大好き,1,,,,,,,
8,0,,,,,,,
配慮,0,,,,,,,
衢,0,,,,,,,
依頼,0,,,,,,,
強,0,,,,,,,
事情,0,,,,,,,
あと,0,,,,,,,
ﾅ,0,,,,,,,
人財,0,,,,,,,
同業他社,0,,,,,,,
型,0,,,,,,,
ライフスタイル,0,,,,,,,
欲しい,0,,,,,,,
魅力的,0,,,,,,,
無理,0,,,,,,,
関連,0,,,,,,,
・,0,,,,,,,
年代,0,,,,,,,
感覚,0,,,,,,,
ただ,0,,,,,,,
やり方,0,,,,,,,
適応,1,,,,,,,
さらに,0,,,,,,,
発言,0,,,,,,,
一生,0,,,,,,,
柔軟性,0,,,,,,,
安易,0,,,,,,,
タフ,0,,,,,,,
組織風土,0,,,,,1,,
就業時間,0,1,,,,,,
カンパニー,0,,,,,,,
まったく,0,,,,,,,
優先,0,,,,,,,
慎重,0,,,,,,,
いま,0,,,,,,,
激務,0,1,,,,,,
闊達,0,,,,,,,
領域,0,,,,,,,
社会人,0,,,,,,,
大量,0,,,,,,,
全社,0,,,,,,,
メーカー,0,,,,,,,
社外,0,,,,,,,
地区,0,,,,,,,
日,0,,,,,,,
復帰,0,,,,,,,
毎日,0,,,,,,,
言葉,0,,,,,,,
ものすごく,0,,,,,,,
下,0,,,,,,,
ちょっと,0,,,,,,,
らい,0,,,,,,,
全体的,0,,,,,,,
COL,0,,,,,,,
特有,0,,,,,,,
1年目,0,,,,,,,
厳し,0,,,,,,,
やさしい,1,,,,,,,
リーディング,0,,,,,,,
ＲＣＡ,0,,,,,,,
早く,0,,,,,,,
未来,0,,,,,,,
勤務形態,0,,,,,,,
心配,0,,,,,,,
切磋琢磨,0,,,,,,,
サービス,0,,,,,,,
基準,0,,,,,,,
そのため,0,,,,,,,
結構,0,,,,,,,
忙しく,-1,1,,,,,,
グローバルな,0,,,,,,,
当然,0,1,,,,,,
ハードワーク,0,,,,,,,
面談,0,,,,,,,
平均,0,,,,,,,
具体的,0,,,,,,,
人柄,0,,,1,,,,
偏り,0,,,,,,,
どうしても,0,,,,,,,
長さ,0,,,,,,,
立地,0,,,,,,,
7,0,,,,,,,
e,0,,,,,,,
疲弊,-1,,,,,,,
WLB,0,,,,,,,
エネルギー,0,,,,,,,
長期的,0,,,,,,,
良し,0,,,,,,,
出勤,0,,,,,,,
激しく,0,,,,,,,
素敵,0,,,,,,,
R,0,,,,,,,
過多,-1,,,,,,,
抵抗,0,,,,,,,
一生懸命,0,,,,,,,
若干,0,,,,,,,
人事評価,0,,1,,,,,
解決,0,,,,,,,
S,0,,,,,,,
強み,0,,,,,,,
キャリアアップ,0,,,,,,,
職業,0,,,,,,,
両方,0,,,,,,,
推進,0,,,,,,,
当たり前,0,,,,,,,
設備,0,,,,,,,
ー,0,,,,,,,
達成感,0,,,,,,,
絶対,0,,,,,,,
新薬,0,,,,,,,
賞与,0,,,,,,,
ひと,0,,,,,,,
バリバリ,0,,,,,,,
高,0,,,,,,,
競合,0,,,,,,,
事業所,0,,,,,,,
ん,0,,,,,,,
仲,0,,,,,,,
ﾕ,0,,,,,,,
生命,0,,,,,,,
直接,0,,,,,,,
制,0,,,,,,,
後輩,0,,,,,,,
帰宅,0,,,,,,,
他者,0,,,,,,,
同士,0,,,,,,,
まま,0,,,,,,,
ケース,0,,,,,,,
浸透,0,,,,,,,
企画,0,,,,,,,
真剣,0,,,,,,,
部下,0,,,,,,,
総じて,0,,,,,,,
学び,0,,,,,,,
面接,0,,,,,,,
幸せ,0,,,,,,,
数年,0,,,,,,,
退社,0,,,,,,,
参加,0,,,,,,,
メーカ,0,,,,,,,
実態,0,,,,,,,
期,0,,,,,,,
想像,0,,,,,,,
通常,0,,,,,,,
一般的,0,,,,,,,
連絡,0,,,,,,,
患者,0,,,,,,,
その後,0,,,,,,,
すごい,0,,,,,,,
整備,0,,,,,,,
役職,0,,,,,,,
連携,0,,,,,,,
負荷,-1,,,,,,,
反映,0,,,,,,,
同業,0,,,,,,,
半ば,0,,,,,,,
高度,0,,,,,,,
そこそこ,0,,,,,,,
層,0,,,,,,,
当事者意識,0,,,,,,,
観,0,,,,,,,
新た,0,,,,,,,
遅く,0,,,,,,,
樫,0,,,,,,,
それら,0,,,,,,,
O,0,,,,,,,
設計,0,,,,,,,
すばらしい,1,,,,,,,
個,0,,,,,,,
休職,0,1,,,,,,
優遇,0,,,,,,,
率,0,,,,,,,
拘束時間,0,1,,,,,,
臨床,0,,,,,,,
活用,0,,,,,,,
Q,0,,,,,,,
さまざま,0,,,,,,,
犠牲,0,,,,,,,
トレーニング,0,,,,,,,1
ﾙ,0,,,,,,,
気軽,0,,,,,,,
EXP,0,,,,,,,
かた,0,,,,,,,
主,0,,,,,,,
ペース,0,,,,,,,
優しい,0,,,,,,,
効率,0,,,,,,,
富山,0,,,,,,,
大手,0,,,,,,,
動き,0,,,,,,,
タイム,0,,,,,,,
柔軟,0,,,,,,,
一人一人,0,,,,,,,
依存,0,,,,,,,
お子さん,0,1,,,,,,
健康,0,,,,,,,
にも,0,,,,,,,
なかっ,0,,,,,,,
ｦ,0,,,,,,,
否,0,,,,,,,
カラー,0,,,,,,,
売り上げ,0,,,,,,,
ﾖ,0,,,,,,,
100%,0,,,,,,,
発想,0,,,,,,,
上場企業,0,,,,,,,
厚生,0,,1,,,,,
ポジティブ,0,,,,,,,
視野,0,,,,,,,
短い,0,,,,,,,
資格,0,,,,,,,
大学,0,,,,,,,
胸,0,,,,,,,
総合,0,,,,,,,
ごと,0,,,,,,,
クライアント,0,,,,,,,
前後,0,,,,,,,
アクション,0,,,,,,,
活気,0,,,,,,,
なけれ,0,,,,,,,
検査,0,,,,,,,
年齢的,0,,,,,,,
まあ,0,,,,,,,
壁,0,,,,,,,
力量,0,,,,,,,
ブラック企業,-1,,,,,1,,
多少,0,,,,,,,
チャレンジング,0,,,,,,,
ゆえ,0,,,,,,,
G,0,,,,,,,
微妙,0,,,,,,,
計画,0,,,,,,,
男性,0,,,,,,,
躊躇,0,,,,,,,
沢山,0,,,,,,,
多かっ,0,,,,,,,
側面,0,,,,,,,
キャリアパス,0,,,,,,,1
グレード,0,,,,,,,
ベース,0,,,,,,,
手放し,0,,,,,,,
年数,0,,,,,,,
難しく,0,,,,,,,
ビジネスモデル,0,,,,,,,
極端,0,,,,,,,
維持,0,,,,,,,
ヒト,0,,,,,,,
PXL,0,,,,,,,
不明瞭,0,,,,,,,
人員,0,,,,,,,
半分,0,,,,,,,
みたい,0,,,,,,,
しよう,0,,,,,,,
いきいき,0,,,,,,,
検討,0,,,,,,,
提案,0,,,,,,,
結局,0,,,,,,,
不幸,-1,,,,,,,
厳しく,0,,,,,,,
以下,0,,,,,,,
最適,0,,,,,,,
シフト,0,,,,,,,
遅い,-1,,,,,,,
作成,0,,,,,,,
ライフワーク,0,1,,,,,,
主体性,0,,,,,,,
祇,0,,,,,,,
許容,0,,,,,,,
出張,0,,,,,,,
使用,0,,,,,,,
古い,0,,,,,,,
不透明,-1,,,,,,,
完全,0,,,,,,,
必ず,0,,,,,,,
広い,0,,,,,,,
面倒,0,,,,,,,
ワーキング,0,,,,,,,
30,0,,,,,,,
体質,0,,,,,,,
概ね,0,,,,,,,
10点満点,0,,,,,,,
8k,0,,,,,,,
好きだから,0,,,,,,,
よほど,0,,,,,,,
名,0,,,,,,,
基盤,0,,,,,,,
グローバル企業,0,,,,,,,
エキスパート,0,,,,,,,
こんなに,0,,,,,,,
な,0,,,,,,,
毎,0,,,,,,,
ﾘ,0,,,,,,,
では,0,,,,,,,
確保,0,,,,,,,
地元,0,,,,,,,
度合い,0,,,,,,,
選考,0,,,,,,,
必須,0,,,,,,,
少なくとも,0,,,,,,,
豊富,0,,,,,,,
数年前,0,,,,,,,
j,0,,,,,,,
中心,0,,,,,,,
自宅,0,,,,,,,
機能,0,,,,,,,
風潮,0,,,,,,,
身近,0,,,,,,,
集団,0,,,,,,,
希望者,0,,,,,,,
歳,0,,,,,,,
深く,0,,,,,,,
持ち味,0,,,,,,,
既に,0,,,,,,,
従事,0,,,,,,,
達,0,,,,,,,
づらく,-1,,,,,,,
コミット,0,,,,,,,
9,0,,,,,,,
砧,0,,,,,,,
悪し,-1,,,,,,,
習得,0,,,,,,,
パワハラ,0,,,,,,,
且つ,0,,,,,,,
起点,0,,,,,,,
よ,0,,,,,,,
書類,0,,,,,,,
代,0,,,,,,,
なんとも,0,,,,,,,
あまりに,0,,,,,,,
C,0,,,,,,,
大手企業,0,,,,,,,
地方,0,,,,,,,
マザー,0,,,,,,,
少なからず,0,,,,,,,
夢,0,,,,,,,
ターゲット,0,,,,,,,
理不尽,-1,,,,,,,
休日出勤,0,1,,,,,,
決断,0,,,,,,,
ネック,0,,,,,,,
ママ,0,,,,,,,
学歴,0,,,,,,,
薬,0,,,,,,,
生涯,0,,,,,,,
経過,0,,,,,,,
医療従事者,0,,,,,,,
Wf,0,,,,,,,
独自,0,,,,,,,
直結,0,,,,,,,
規則,0,,,,,,,
出身,0,,,,,,,
した,0,,,,,,,
集まり,0,,,,,,,
利用,0,,,,,,,
難い,0,,,,,,,
にくく,-1,,,,,,,
スピード感,0,,,,,,,
単純,0,,,,,,,
モラル,0,,,,,,,
急,0,,,,,,,
モニター,0,,,,,,,
ビジネスマナー,0,,,,,,,
限定,0,,,,,,,
詳細,0,,,,,,,
田舎,0,,,,,,,
当たり,0,,,,,,,
フレキシブル,0,,,,,,,
うえ,0,,,,,,,
求人,0,,,,,,,
30歳,0,,,,,,,
3,0,,,,,,,
限界,0,,,,,,,
残業代,0,,1,,,,,
更に,0,,,,,,,
要件,0,,,,,,,
幅広く,0,,,,,,,
静岡,0,,,,,,,
6,0,,,,,,,
そうだ,0,,,,,,,
使命,0,,,,,,,
現実,0,,,,,,,
タイミング,0,,,,,,,
全然,0,,,,,,,
指導,0,,,,,,,
成果主義,0,,1,,,,,
子,0,,,,,,,
人々,0,,,,,,,
人間性,0,,,1,,,,
体力的,0,,,,,,,
定時,0,,,,,,,
学習,0,,,,,,,
一切,0,,,,,,,
人物,0,,,,,,,
現職,0,,,,,,,
主体的,0,,,,,,,
遂行,0,,,,,,,
適材適所,0,,,,,,,
内勤,0,,,,,,,
つもり,0,,,,,,,
終身雇用,0,,1,,,,,
移動,0,,,,,,,
学生,0,,,,,,,
ｰ,0,,,,,,,
同じく,0,,,,,,,
解消,0,,,,,,,
お薦め,1,,,,,,,
制限,0,,,,,,,
役割,0,,,,,,,
誠実,0,,,,,,,
Vision,0,,,,,,,
意向,0,,,,,,,
良かっ,0,,,,,,,
9,0,,,,,,,
主体,0,,,,,,,
好き嫌い,0,,,,,,,
P,0,,,,,,,
遵守,0,,,,,,,
確か,0,,,,,,,
スピード,0,,,,,,,
契約,0,,,,,,,
応援,0,,,,,,,
年々,0,,,,,,,
低め,0,,,,,,,
パート,0,,,,,,,
一人ひとり,0,,,,,,,
優しく,0,,,,,,,
記載,0,,,,,,,
不可,0,,,,,,,
労働,0,,,,,,,
キャリア形成,0,,,,,,,
未だ,0,,,,,,,
格差,0,,,,,,,
ﾎ,0,,,,,,,
ﾍ,0,,,,,,,
よかっ,0,,,,,,,
完璧,0,,,,,,,
トレンド,0,,,,,,,
過去,0,,,,,,,
関心,0,,,,,,,
苦手,-1,,,,,,,
乏しい,-1,,,,,,,
will,0,,,,,,,
SOP,0,,,,,,,
ワーク,0,,,,,,,
BU,0,,,,,,,
重く,0,,,,,,,
楽しさ,0,,,,,,,
枠,0,,,,,,,
どんどん,0,,,,,,,
次,0,,,,,,,
対価,0,,,,,,,
複雑,0,,,,,,,
自律,0,,,,,,,
激し,0,,,,,,,
用意,0,,,,,,,
だれ,0,,,,,,,
煙,0,,,,,,,
OJT,0,,,,,,,
姿,0,,,,,,,
はじめ,0,,,,,,,
倒産,,,,,,,,
満足度,,,,,,,,
関わり,,,,,,,,
心から,,,,,,,,
多岐,,,,,,,,
影響力,,,,,,,,
スムーズ,,,,,,,,
ドライ,,,,,,,,
最初,,,,,,,,
最も,,,,,,,,
予想,,,,,,,,
像,,,,,,,,
何かしら,,,,,,,,
増加,,,,,,,,
面白く,,,,,,,,
ｶ,,,,,,,,
近く,,,,,,,,
道,,,,,,,,
掲,,,,,,,,
割と,,,,,,,,
女性社員,,,,,,,,
体,,,,,,,,
ボリューム,,,,,,,,
投資,,,,,,,,
ケアリーブ,,,,,,,,
ﾊ,,,,,,,,
物事,,,,,,,,
徹底,,,,,,,,
実務,,,,,,,,
自己責任,,,,,,,,
よし,,,,,,,,
X,,,,,,,,
柄,,,,,,,,
下記,,,,,,,,
目線,,,,,,,,
市場,,,,,,,,
CV,,,,,,,,
ナレッジ,,,,,,,,
乖離,,,,,,,,
テーマ,,,,,,,,
人材不足,,,,,,,,
期限,,,,,,,,
主観,,,,,,,,
要員,,,,,,,,
早期,,,,,,,,
確実,,,,,,,,
System,,,,,,,,
上の,,,,,,,,
職制,,,,,,,,
真面目,,,,,,,,
介在,,,,,,,,
重い,,,,,,,,
通り,,,,,,,,
トップクラス,,,,,,,,
標準,,,,,,,,
ステップアップ,,,,,,,,
悪,,,,,,,,
お奨め,1,,,,,,,
ﾝ,,,,,,,,
浅い,,,,,,,,
WILL,,,,,,,,
まず,,,,,,,,
余裕,,,,,,,,
形成,,,,,,,,
少な,,,,,,,,
看護,,,,,,,,
保証,,,,,,,,
自立,,,,,,,,
のんびり,,,,,,,,
最低限,,,,,,,,
首都圏,,,,,,,,
失敗,,,,,,,,
40歳,,,,,,,,
半々,,,,,,,,
30代前半,,,,,,,,
変更,,,,,,,,
やっぱり,,,,,,,,
とくに,,,,,,,,
一長一短,,,,,,,,
即戦力,,,,,,,,
極めて,,,,,,,,
業態,,,,,,,,
戦略,,,,,,,,
同様,,,,,,,,
ビジネスマン,,,,,,,,
明らか,,,,,,,,
余地,,,,,,,,
Role,,,,,,,,
テクノロジー,,,,,,,,
コンディション,,,,,,,,
茨城県,,,,,,,,
派遣,,,,,,,,
金額,,,,,,,,
熱意,,,,,,,,
共,,,,,,,,
関係性,,,,,,,,
会話,,,,,,,,
ありません,,,,,,,,
低下,,,,,,,,
20代前半,,,,,,,,
子持ち,,,,,,,,
残り,,,,,,,,
近年,,,,,,,,
疾患,,,,,,,,
メール,,,,,,,,
過程,,,,,,,,
良,,,,,,,,
インフラ,,,,,,,,
短期間,,,,,,,,
容易,,,,,,,,
スタート,,,,,,,,
途上,,,,,,,,
構築,,,,,,,,
途中,,,,,,,,
2か月,,,,,,,,
J,,,,,,,,
仮に,,,,,,,,
大いに,,,,,,,,
明るく,,,,,,,,
堵,,,,,,,,
感謝,,,,,,,,
拘束,,,,,,,,
本社,,,,,,,,
年間,,,,,,,,
若く,,,,,,,,
結果的,,,,,,,,
方向性,,,,,,,,
案件,,,,,,,,
組織力,,,,,,,,
K,,,,,,,,
扱い,,,,,,,,
次々,,,,,,,,
育児休暇,0,1,,,,,,
どれ,,,,,,,,
頻繁,,,,,,,,
4月,,,,,,,,
である,,,,,,,,
1年,,,,,,,,
相対的,,,,,,,,
fD,,,,,,,,
議論,,,,,,,,
支給,,,,,,,,
要望,,,,,,,,
時点,,,,,,,,
独身,,,,,,,,
苦しい,-1,,,,,,,
商品,,,,,,,,
それほど,,,,,,,,
中盤,,,,,,,,
元気,,,,,,,,
形態,,,,,,,,
寄与,,,,,,,,
定着,,,,,,,,
休,0,1,,,,,,
インパクト,,,,,,,,
受け身,,,,,,,,
言い難い,,,,,,,,
被験者,,,,,,,,
否定,,,,,,,,
共通,,,,,,,,
品,,,,,,,,
10年,,,,,,,,
安全,,,,,,,,
敢えて,,,,,,,,
24時間,,,,,,,,
ＣＭＯ,,,,,,,,
アピール,,,,,,,,
内定,,,,,,,,
よくも,,,,,,,,
顧客価値,,,,,,,,
仕方がない,,,,,,,,
確立,,,,,,,,
素晴らしく,,,,,,,,
ｫ,,,,,,,,
蘖,,,,,,,,
リーダー,,,,,,,,
刺激的,,,,,,,,
言動,,,,,,,,
繋がり,,,,,,,,
肚,,,,,,,,
技能,,,,,,,,
有給休暇,0,1,,,,,,
はず,,,,,,,,
同業者,,,,,,,,
チームワーク,,,,,,,,
30代後半,,,,,,,,
離職,,,,,,,,
値,,,,,,,,
意欲的,,,,,,,,
大前提,,,,,,,,
シニア,,,,,,,,
繁忙,,,,,,,,
無く,,,,,,,,
ホールディングス,,,,,,,,
同時に,,,,,,,,
自己実現,,,,,,,,
ポテンシャル,,,,,,,,
快適,,,,,,,,
ベンチャー,,,,,,,,
多数,,,,,,,,
一緒に,,,,,,,,
申請,,,,,,,,
国内,,,,,,,,
YH,,,,,,,,
現時点,,,,,,,,
イキイキ,,,,,,,,
過酷,,,,,,,,
緩い,-1,,,,,,,
同等,,,,,,,,
空気,,,,,,,,
候補者,,,,,,,,
CEO,,,,,,,,
ステップ,,,,,,,,
PMS,,,,,,,,
会議,,,,,,,,
小さい,,,,,,,,
ベスト,,,,,,,,
ﾋ,,,,,,,,
財務,,,,,,,,
カウント,,,,,,,,
貢献度,,,,,,,,
頭,,,,,,,,
しがらみ,,,,,,,,
b,,,,,,,,
交代,,,,,,,,
赤字,,,,,,,,
波,,,,,,,,
正しく,,,,,,,,
転籍,,,,,,,,
PR,,,,,,,,
PC,,,,,,,,
社長,,,,,,,,
バイタリティ,,,,,,,,
作り,,,,,,,,
細かい,,,,,,,,
遠い,,,,,,,,
なか,,,,,,,,
新規,,,,,,,,
継続,,,,,,,,
私生活,,,,,,,,
ｫｦ,,,,,,,,
派遣社員,,,,,,,,
電話,,,,,,,,
上場,,,,,,,,
手順,,,,,,,,
Japan,,,,,,,,
しながら,,,,,,,,
社員教育,,,,,,,,
マネージメント,,,,,,,,
安定感,,,,,,,,
ら,,,,,,,,
CM,,,,,,,,
イベント,,,,,,,,
形,,,,,,,,
職位,,,,,,,,
7割,,,,,,,,
棟,,,,,,,,
流れ,,,,,,,,
親身,,,,,,,,
ゆとり,,,,,,,,
高齢,,,,,,,,
代表,,,,,,,,
都合,,,,,,,,
圧力,,,,,,,,
バックアップ,,,,,,,,
第一,,,,,,,,
悪化,,,,,,,,
強電,,,,,,,,
ヘルスケア,,,,,,,,
順応,1,,,,,,,
申し訳,,,,,,,,
クリエイティブ,,,,,,,,
予算,,,,,,,,
っぽい,,,,,,,,
手続き,,,,,,,,
再稼動,,,,,,,,
積極性,,,,,,,,
プラン,,,,,,,,
申し分,,,,,,,,
全部,,,,,,,,
確認,,,,,,,,
サービス業,,,,,,,,
悪さ,,,,,,,,
自主的,,,,,,,,
縦,,,,,,,,
HPC,,,,,,,,
PAREXEL,,,,,,,,
条件面,,,,,,,,
メリハリ,,,,,,,,
いっしょ,,,,,,,,
近辺,,,,,,,,
難易度,,,,,,,,
め,,,,,,,,
肌,,,,,,,,
取組み,,,,,,,,
独立,,,,,,,,
地域,,,,,,,,
一面,,,,,,,,
扶養,,,,,,,,
わり,,,,,,,,
著しい,,,,,,,,
毎月,,,,,,,,
新しく,,,,,,,,
プラント,,,,,,,,
共に,,,,,,,,
サービス残業,,,,,,,,
展望,,,,,,,,
大変さ,,,,,,,,
素晴らし,,,,,,,,
記,,,,,,,,
ヶ月,,,,,,,,
評価基準,,,,,,,,
煩雑,,,,,,,,
希薄,,,,,,,,
脱却,,,,,,,,
ある意味,,,,,,,,
事項,,,,,,,,
そのよう,,,,,,,,
生き方,,,,,,,,
10年目,,,,,,,,
ごく,,,,,,,,
人数,,,,,,,,
夜,,,,,,,,
情報セキュリティ,,,,,,,,
マッチング,,,,,,,,
表現,,,,,,,,
整理,,,,,,,,
本来,,,,,,,,
状況下,,,,,,,,
能動,,,,,,,,
ロイヤリティ,,,,,,,,
生半可,,,,,,,,
GMP,,,,,,,,
リターン,,,,,,,,
nY,,,,,,,,
中途半端,,,,,,,,
顕著,,,,,,,,
世界,,,,,,,,
パソコン,,,,,,,,
数値,,,,,,,,
高得点,,,,,,,,
役員,,,,,,,,
院内,,,,,,,,
付き合い,,,,,,,,
なんだかんだ,,,,,,,,
不便,,,,,,,,
体調,,,,,,,,
支障,,,,,,,,
嫌,,,,,,,,
にく,,,,,,,,
不公平,,,,,,,,
ますます,,,,,,,,
トップダウン,,,,,,,,
才能,,,,,,,,
利便性,,,,,,,,
先生,,,,,,,,
技術力,,,,,,,,
とっても,,,,,,,,
設問,,,,,,,,
スケジュール管理,,,,,,,,
歓迎,,,,,,,,
金融,,,,,,,,
気質,,,,,,,,
未満,,,,,,,,
営業職,,,,,,,,
大阪,,,,,,,,
利点,,,,,,,,
リモート,,,,,,,,
半年,,,,,,,,
相違,,,,,,,,
10人,,,,,,,,
危険,,,,,,,,
様子,,,,,,,,
営業力,,,,,,,,
酷,,,,,,,,
なにか,,,,,,,,
平等,,,,,,,,
Gr,,,,,,,,
近しい,,,,,,,,
物足りな,,,,,,,,
充実感,,,,,,,,
あたり,,,,,,,,
皆無,,,,,,,,
みなさん,,,,,,,,
売上,,,,,,,,
キツ,,,,,,,,
スコア,,,,,,,,
何事,,,,,,,,
Dh,,,,,,,,
共鳴,,,,,,,,
ロケーション,,,,,,,,
楽し,,,,,,,,
がたい,,,,,,,,
在住,,,,,,,,
つながり,,,,,,,,
温度,,,,,,,,
属人,,,,,,,,
好ましく,,,,,,,,
中身,,,,,,,,
らく,,,,,,,,
優位,,,,,,,,
実行,,,,,,,,
たくない,,,,,,,,
先行き,,,,,,,,
指示,,,,,,,,
何より,,,,,,,,
薄い,,,,,,,,
メイン,,,,,,,,
反対,,,,,,,,
密,,,,,,,,
I,,,,,,,,
IC,,,,,,,,
ライン,,,,,,,,
経費,,,,,,,,
業,,,,,,,,
最大,,,,,,,,
こだわり,,,,,,,,
4,,,,,,,,
未熟,,,,,,,,
復職,,,,,,,,
のびのび,1,,,,,,,
ともに,,,,,,,,
早い,,,,,,,,
認知度,,,,,,,,
すぎ,,,,,,,,
一部の人,,,,,,,,
昇進,,,,,,,,
ミスマッチ,,,,,,,,
今年,,,,,,,,
根幹,,,,,,,,
優良,,,,,,,,
資,,,,,,,,
きると,,,,,,,,
上昇,,,,,,,,
高給,,,,,,,,
明るい,1,,,,,,,
辛く,,,,,,,,
重き,,,,,,,,
アップ,,,,,,,,
上下関係,,,,,,,,
初任給,,,,,,,,
普段,,,,,,,,
中長期,,,,,,,,
段階,,,,,,,,
特定,,,,,,,,
全国,,,,,,,,
思想,,,,,,,,
殆ど,,,,,,,,
長時間,,,,,,,,
有利,,,,,,,,
おそらく,,,,,,,,
自分たち,,,,,,,,
心身,,,,,,,,
拡大,,,,,,,,
毎年,,,,,,,,
行事,,,,,,,,
Sr,,,,,,,,
コントロール,,,,,,,,
メッセージ,,,,,,,,
対象者,,,,,,,,
せい,,,,,,,,
心,,,,,,,,
間柄,,,,,,,,
立ち位置,,,,,,,,
休業,0,1,,,,,,
…。,,,,,,,,
35歳,,,,,,,,
勘案,,,,,,,,
故,,,,,,,,
壇,,,,,,,,
ｶﾁ,,,,,,,,
無理やり,,,,,,,,
返事,,,,,,,,
コミュニケーション能力,,,,,,,,
自慢,,,,,,,,
内情,,,,,,,,
フォローアップ,,,,,,,,
有能,,,,,,,,
中堅,,,,,,,,
生産性,,,,,,,,
不利,,,,,,,,
ｪ,,,,,,,,
マインド,,,,,,,,
ｯ,,,,,,,,
面白み,,,,,,,,
カバー,,,,,,,,
年功序列,,,,,,,,
歴史,,,,,,,,
有効,,,,,,,,
ワクワク,,,,,,,,
モノ,,,,,,,,
発信,,,,,,,,
意思決定,,,,,,,,
合い,,,,,,,,
インセンティブ,,,,,,,,
接続,,,,,,,,
本部,,,,,,,,
3歳,,,,,,,,
競争,,,,,,,,
携帯,,,,,,,,
ネームバリュー,,,,,,,,
制約,,,,,,,,
可,,,,,,,,
関連企業,,,,,,,,
正当,,,,,,,,
特別,,,,,,,,
ハラスメント,,,,,,,,
ベテラン,,,,,,,,
補助,,,,,,,,
ｳ,,,,,,,,
人事部,,,,,,,,
ロール,,,,,,,,
ｭ,,,,,,,,
既存,,,,,,,,
労務管理,,,,,,,,
低,,,,,,,,
T,,,,,,,,
公平,,,,,,,,
痛感,,,,,,,,
負,,,,,,,,
軌道,,,,,,,,
曖昧,,,,,,,,
継,,,,,,,,
通院,,,,,,,,
退職金,,,,,,,,
実質的,,,,,,,,
多種多様,,,,,,,,
情熱,,,,,,,,
薬剤師,,,,,,,,
複数,,,,,,,,
経歴,,,,,,,,
定数,,,,,,,,
お金,,,,,,,,
物足りない,-1,,,,,,,
とにかく,,,,,,,,
回復,,,,,,,,
F,,,,,,,,
客観的,,,,,,,,
マーケット,,,,,,,,
進捗,,,,,,,,
出来,,,,,,,,
．,,,,,,,,
深夜,,,,,,,,
働き方改革,,,,,,,,
東芝,,,,,,,,
背景,,,,,,,,
gU,,,,,,,,
日立市,,,,,,,,
企業体,,,,,,,,
gB,,,,,,,,
そんなに,,,,,,,,
cfD,,,,,,,,
堂々,,,,,,,,
TM,,,,,,,,
資料,,,,,,,,
業務上,,,,,,,,
こう,,,,,,,,
夜勤,,,,,,,,
タスク,,,,,,,,
かい離,,,,,,,,
もと,,,,,,,,
真摯,,,,,,,,
ホワイト,,,,,,,,
サイト,,,,,,,,
もう,,,,,,,,
客観,,,,,,,,
シェア,,,,,,,,
トラブル,,,,,,,,
ライフ,,,,,,,,
小集団活動,,,,,,,,
従来,,,,,,,,
募集,,,,,,,,
いずれ,,,,,,,,
易,,,,,,,,
入れ替わり,,,,,,,,
対等,,,,,,,,
短期,,,,,,,,
なん,,,,,,,,
総合職,,,,,,,,
訴求,,,,,,,,
当直,,,,,,,,
十,,,,,,,,
要因,,,,,,,,
豊か,,,,,,,,
労働集約,,,,,,,,
特,,,,,,,,
物,,,,,,,,
足利,,,,,,,,
合,,,,,,,,
ﾞ,,,,,,,,
家,,,,,,,,
ﾐ,,,,,,,,
退勤,,,,,,,,
目標達成,,,,,,,,
ユニーク,,,,,,,,
やり取り,,,,,,,,
頃,,,,,,,,
市場価値,,,,,,,,
茨城,,,,,,,,
改革,,,,,,,,
コミッション,,,,,,,,
ほか,,,,,,,,
広,,,,,,,,
多種,,,,,,,,
賛同,1,,,,,,,
とりあえず,,,,,,,,
持ち帰り,,,,,,,,
はいい,,,,,,,,
目的意識,,,,,,,,
男女,,,,,,,,
乏しく,,,,,,,,
常識,,,,,,,,
シビア,,,,,,,,
相互,,,,,,,,
期待値,,,,,,,,
アサイン,,,,,,,,
主流,,,,,,,,
不安定,,,,,,,,
そもそも,,,,,,,,
甅,,,,,,,,
貪欲,,,,,,,,
勿論,,,,,,,,
子供手当,,,,,,,,
保守,,,,,,,,
全面的,,,,,,,,
都内,,,,,,,,
受容,,,,,,,,
得意,,,,,,,,
既婚,,,,,,,,
Ш,,,,,,,,
UP,,,,,,,,
嫌い,,,,,,,,
間もなく,,,,,,,,
言語,,,,,,,,
hL,,,,,,,,
手,,,,,,,,
なのか,,,,,,,,
担保,,,,,,,,
フェア,,,,,,,,
中村,,,,,,,,
ミス,,,,,,,,
Z,,,,,,,,
社内外,,,,,,,,
がむしゃら,,,,,,,,
SPI,,,,,,,,
項目,,,,,,,,
無かっ,,,,,,,,
やすさ,,,,,,,,
内部,,,,,,,,
ライフステージ,,,,,,,,
GM,,,,,,,,
何とか,,,,,,,,
控えめ,,,,,,,,
各人,,,,,,,,
一般職,,,,,,,,
後半,,,,,,,,
散見,,,,,,,,
鈍化,,,,,,,,
あくまでも,,,,,,,,
一通り,,,,,,,,
信頼性,,,,,,,,
部長,,,,,,,,
ヴィジョン,,,,,,,,
社会インフラ,,,,,,,,
椎,,,,,,,,
応募,,,,,,,,
エリア,,,,,,,,
政治,,,,,,,,
そぐわない,-1,,,,,,,
LB,,,,,,,,
まちまち,,,,,,,,
基礎,,,,,,,,
3年,,,,,,,,
立派,,,,,,,,
深い,,,,,,,,
上手く,,,,,,,,
金,,,,,,,,
遠隔,,,,,,,,
凄い,,,,,,,,
本質的,,,,,,,,
小職,,,,,,,,
認識,,,,,,,,
汚い,-1,,,,,,,
Lz,,,,,,,,
LD,,,,,,,,
意外と,,,,,,,,
願望,,,,,,,,
最後,,,,,,,,
夜間,,,,,,,,
帰,,,,,,,,
どこか,,,,,,,,
一度,,,,,,,,
減少,,,,,,,,
それだけ,,,,,,,,
朝,,,,,,,,
あなた,,,,,,,,
方式,,,,,,,,
吸,,,,,,,,
安定的,,,,,,,,
有望,,,,,,,,
部隊,,,,,,,,
バラバラ,,,,,,,,
これだけ,,,,,,,,
回,,,,,,,,
一致,,,,,,,,
飛躍,,,,,,,,
材料,,,,,,,,
マネジャー,,,,,,,,
頼り,,,,,,,,
強制,,,,,,,,
丸投げ,,,,,,,,
俯瞰,,,,,,,,
パートナー,,,,,,,,
有名,,,,,,,,
ш,,,,,,,,
ＬＭ,,,,,,,,
生きがい,,,,,,,,
受注,,,,,,,,
意見交換,,,,,,,,
4点,,,,,,,,
平均値,,,,,,,,
視,,,,,,,,
後悔,,,,,,,,
夢や,,,,,,,,
たいへん,,,,,,,,
折り合い,,,,,,,,
Kc,,,,,,,,
あんまり,,,,,,,,
付,,,,,,,,
まじめ,,,,,,,,
件,,,,,,,,
出世,,,,,,,,
手厚い,1,,,,,,,
師,,,,,,,,
手厚く,,,,,,,,
技師,,,,,,,,
ﾈ,,,,,,,,
あいまい,,,,,,,,
息子,,,,,,,,
内外,,,,,,,,
残業手当,,,,,,,,
0点,,,,,,,,
自動車,,,,,,,,
生産,,,,,,,,
部品,,,,,,,,
カリキュラム,,,,,,,,
時々,,,,,,,,
責任感,,,,,,,,
垣根,,,,,,,,
個人情報,,,,,,,,
体験,,,,,,,,
17,,,,,,,,
16,,,,,,,,
関与,,,,,,,,
証,,,,,,,,
できるだけ,,,,,,,,
0,,,,,,,,
伝承,,,,,,,,
統一性,,,,,,,,
独身女性,,,,,,,,
年配,,,,,,,,
よりけり,,,,,,,,
許容範囲,,,,,,,,
臨機応変,,,,,,,,
おかしい,,,,,,,,
各部,,,,,,,,
労力,,,,,,,,
親戚,,,,,,,,
淡,,,,,,,,
じっくり,,,,,,,,
鳰,,,,,,,,
ポスト,,,,,,,,
是正,,,,,,,,
面白,,,,,,,,
全般的,,,,,,,,
各々,,,,,,,,
大体,,,,,,,,
額,,,,,,,,
執務,,,,,,,,
経験値,,,,,,,,
不具合,,,,,,,,
勤務条件,,,,,,,,
ちょうど,,,,,,,,
ケア,,,,,,,,
敬意,,,,,,,,
対抗,,,,,,,,
査定,,,,,,,,
ごみ,,,,,,,,
手段,,,,,,,,
確定,,,,,,,,
個人主義,,,,,,,,
觚,,,,,,,,
HR,,,,,,,,
スケール,,,,,,,,
直行,,,,,,,,
ゴール,,,,,,,,
祝,,,,,,,,
身売り,,,,,,,,
１０月,,,,,,,,
変,,,,,,,,
活性化,,,,,,,,
eee,,,,,,,,
クリア,,,,,,,,
2週間,,,,,,,,
見込み,,,,,,,,
長期間,,,,,,,,
意図,,,,,,,,
こんなにも,,,,,,,,
ぶり,,,,,,,,
キャラ,,,,,,,,
期間,,,,,,,,
詳しく,,,,,,,,
ｹﾈ,,,,,,,,
お前,,,,,,,,
ないし,,,,,,,,
創薬,,,,,,,,
保障,,,,,,,,
事業領域,,,,,,,,
医療行為,,,,,,,,
起因,,,,,,,,
ひとつ,,,,,,,,
通用,,,,,,,,
ボトムアップ,,,,,,,,
単位,,,,,,,,
親切,,,,,,,,
そちら,,,,,,,,
依然,,,,,,,,
繰り返し,,,,,,,,
報告書,,,,,,,,
損,,,,,,,,
トップ,,,,,,,,
YL,,,,,,,,
歯止め,,,,,,,,
判定,,,,,,,,
伺い,,,,,,,,
ボーナス,,,,,,,,
加点,,,,,,,,
ベンチャー企業,,,,,,,,
ありがたい,,,,,,,,
新卒採用,,,,,,,,
人生観,,,,,,,,
サイクル,,,,,,,,
ハッピー,,,,,,,,
マン,,,,,,,,
とことん,,,,,,,,
20年,,,,,,,,
相応,,,,,,,,
まずまず,1,,,,,,,
見直し,,,,,,,,
Mn,,,,,,,,
就労,,,,,,,,
安心感,,,,,,,,
_,,,,,,,,
見込,,,,,,,,
悪いこと,,,,,,,,
特性,,,,,,,,
バックグラウンド,,,,,,,,
再び,,,,,,,,
土曜,,,,,,,,
母体,,,,,,,,
アンケート,,,,,,,,
フロー,,,,,,,,
意匠設計,,,,,,,,
専門職,,,,,,,,
速度,,,,,,,,
情,,,,,,,,
愛社精神,,,,,,,,
成功,,,,,,,,
リストラ,,,,,,,,
データ,,,,,,,,
名古屋,,,,,,,,
q,,,,,,,,
フレンドリー,,,,,,,,
すき,,,,,,,,
人手不足,,,,,,,,
ハイ,,,,,,,,
論理,,,,,,,,
仮定,,,,,,,,
路線,,,,,,,,
答え,,,,,,,,
かな,,,,,,,,
連続,,,,,,,,
Shn,,,,,,,,
伸び伸び,1,,,,,,,
級,,,,,,,,
我々,,,,,,,,
ﾁ,,,,,,,,
キャリア開発,,,,,,,,
コツコツ,,,,,,,,
あくまで,,,,,,,,
性質,,,,,,,,
決定,,,,,,,,
遠方,,,,,,,,
保守的,,,,,,,,
思,,,,,,,,
詳しい,,,,,,,,
ネガティブ,,,,,,,,
ヒューマンエラー,,,,,,,,
a,,,,,,,,
試み,,,,,,,,
無けれ,,,,,,,,
疚,,,,,,,,
変革,,,,,,,,
15,,,,,,,,
運,,,,,,,,
就業条件,,,,,,,,
病気,,,,,,,,
何人,,,,,,,,
成熟,,,,,,,,
ゆるい,-1,,,,,,,
横行,,,,,,,,
社歴,,,,,,,,
日常,,,,,,,,
一丸,,,,,,,,
実情,,,,,,,,
昇級,,,,,,,,
マイナビ,,,,,,,,
PJ,,,,,,,,
定年退職,,,,,,,,
3つ,,,,,,,,
迂闊,,,,,,,,
プライド,,,,,,,,
コミュ力,,,,,,,,
差異,,,,,,,,
コメディカル,,,,,,,,
イノベーション,,,,,,,,
ころ,,,,,,,,
良けれ,,,,,,,,
勢い,,,,,,,,
熱望,1,,,,,,,
元,,,,,,,,
おおい,,,,,,,,
連帯,,,,,,,,
jO,,,,,,,,
ジェネリック,,,,,,,,
パフォーマンス,,,,,,,,
SAE,,,,,,,,
オープン,,,,,,,,
ＷＩＬＬ,,,,,,,,
やりくり,,,,,,,,
啗,,,,,,,,
違和感,,,,,,,,
余程,,,,,,,,
巨大企業,,,,,,,,
みな,,,,,,,,
がつがつ,-1,,,,,,,
敬遠,,,,,,,,
月日,,,,,,,,
まったり,,,,,,,,
耳,,,,,,,,
IM,,,,,,,,
ピッタリ,1,,,,,,,
経由,,,,,,,,
大半,,,,,,,,
誠意,,,,,,,,
社会保険,,,,,,,,
野心,,,,,,,,
有意義,,,,,,,,
極,,,,,,,,
熱量,,,,,,,,
きれい,,,,,,,,
奨励,,,,,,,,
変革期,,,,,,,,
汎用性,,,,,,,,
地価,,,,,,,,
策,,,,,,,,
両手,,,,,,,,
oX,,,,,,,,
情報収集,,,,,,,,
的確,,,,,,,,
兼ね合い,,,,,,,,
50%,,,,,,,,
中立,,,,,,,,
景気,,,,,,,,
ちゃんと,1,,,,,,,
診療,,,,,,,,
先方,,,,,,,,
出向,,,,,,,,
最先端,,,,,,,,
社会的責任,,,,,,,,
如何,,,,,,,,
担当者,,,,,,,,
50代,,,,,,,,
hSn,,,,,,,,
体調不良,,,,,,,,
炭,,,,,,,,
受け入れ,,,,,,,,
そのもの,,,,,,,,
進んで,,,,,,,,
丁寧,,,,,,,,
はずれ,,,,,,,,
直ぐ,,,,,,,,
泥臭い,-1,,,,,,,
強烈,,,,,,,,
伝統,,,,,,,,
感情,,,,,,,,
欠点,,,,,,,,
心当たり,,,,,,,,
挫折,,,,,,,,
スパン,,,,,,,,
流行,1,,,,,,,
これら,,,,,,,,
上下,,,,,,,,
手取り,,,,,,,,
分社化,,,,,,,,
外れ,,,,,,,,
損失,,,,,,,,
study,,,,,,,,
おもしろい,,,,,,,,
理想,,,,,,,,
高かっ,,,,,,,,
崩壊,,,,,,,,
gW,,,,,,,,
ツール,,,,,,,,
KPI,,,,,,,,
嫐,,,,,,,,
個別,,,,,,,,
遜色,,,,,,,,
一つ,,,,,,,,
本年,,,,,,,,
大幅,,,,,,,,
見え隠れ,,,,,,,,
何度,,,,,,,,
熱く,,,,,,,,
申し訳ない,,,,,,,,
gM,,,,,,,,
種類,,,,,,,,
ＲＡ,,,,,,,,
交換,,,,,,,,
渓,,,,,,,,
フランク,,,,,,,,
直属,,,,,,,,
難し,,,,,,,,
人員不足,,,,,,,,
一方的,,,,,,,,
大丈夫,,,,,,,,
手法,,,,,,,,
過度,,,,,,,,
クラス,,,,,,,,
20,,,,,,,,
ko,,,,,,,,
もどかし,,,,,,,,
挙げて,,,,,,,,
誰か,,,,,,,,
yk,,,,,,,,
確り,,,,,,,,
結,,,,,,,,
感触,,,,,,,,
よっぽど,,,,,,,,
わざわざ,,,,,,,,
絽,,,,,,,,
交流,,,,,,,,
表面,,,,,,,,
向け,,,,,,,,
懐,,,,,,,,
保身,,,,,,,,
EX,,,,,,,,
予定,,,,,,,,
推進力,,,,,,,,
いつ,,,,,,,,
限定的,,,,,,,,
転機,,,,,,,,
事態,,,,,,,,
出入り,,,,,,,,
ノルマ,,,,,,,,
きっかけ,,,,,,,,
XL,,,,,,,,
プロフェッショナル,,,,,,,,
従業,,,,,,,,
ご機嫌,,,,,,,,
CMA,,,,,,,,
多少なりとも,,,,,,,,
幹部,,,,,,,,
せっかく,,,,,,,,
間接,,,,,,,,
窮屈,,,,,,,,
人脈,,,,,,,,
削減,,,,,,,,
当方,,,,,,,,
合理的,,,,,,,,
若年層,,,,,,,,
たとえ,,,,,,,,
資源,,,,,,,,
両面,,,,,,,,
付く,,,,,,,,
衰退,,,,,,,,
ならでは,,,,,,,,
にあ,,,,,,,,
活,,,,,,,,
うれしい,,,,,,,,
問題点,,,,,,,,
自発的,,,,,,,,
3回,,,,,,,,
求職,,,,,,,,
膨大,,,,,,,,
お断り,,,,,,,,
アウト,,,,,,,,
員,,,,,,,,
研究,,,,,,,,
タイムリー,,,,,,,,
暇,,,,,,,,
わたし,,,,,,,,
わりと,,,,,,,,
年齢制限,,,,,,,,
少数,,,,,,,,
外資系企業,,,,,,,,
マナー,,,,,,,,
東証1部,,,,,,,,
キャッチアップ,,,,,,,,
双方,,,,,,,,
3年目,,,,,,,,
広範,,,,,,,,
役,,,,,,,,
N,,,,,,,,
逆風,,,,,,,,
喚起,,,,,,,,
居場所,,,,,,,,
週休2日,0,1,,,,,,
当人,,,,,,,,
ARCA,,,,,,,,
注意,,,,,,,,
健保,,,,,,,,
空気感,,,,,,,,
横,,,,,,,,
人件費,,,,,,,,
風習,,,,,,,,
フェーズ,,,,,,,,
製造業,,,,,,,,
動向,,,,,,,,
高けれ,,,,,,,,
対人,,,,,,,,
ｹｭ,,,,,,,,
開拓,,,,,,,,
いくら,,,,,,,,
誕生,,,,,,,,
風,,,,,,,,
OK,,,,,,,,
キツイ,-1,,,,,,,
多分,,,,,,,,
根本,,,,,,,,
だらけ,,,,,,,,
轣,,,,,,,,
5年,,,,,,,,
軋轢,,,,,,,,
九州,,,,,,,,
活発,,,,,,,,
方法,,,,,,,,
自己啓発,,,,,,,,
將,,,,,,,,
事業部,,,,,,,,
甘い,,,,,,,,
洗浄,,,,,,,,
むやみ,,,,,,,,
最善,,,,,,,,
etc,,,,,,,,
精算,,,,,,,,
成功体験,,,,,,,,
適合,,,,,,,,
飽き,,,,,,,,
悪かっ,,,,,,,,
5分,,,,,,,,
がっつり,,,,,,,,
ダイバーシティ,,,,,,,,
課長,,,,,,,,
更,,,,,,,,
腰,,,,,,,,
水力,,,,,,,,
和,,,,,,,,
無し,,,,,,,,
改めて,,,,,,,,
_,,,,,,,,
広範囲,,,,,,,,
フル,,,,,,,,
ロジック,,,,,,,,
コメント,,,,,,,,
子ども,,,,,,,,
緊張感,,,,,,,,
周辺,,,,,,,,
いじめ,,,,,,,,
go,,,,,,,,
劣悪,,,,,,,,
トータル,,,,,,,,
純粋,,,,,,,,
最速,,,,,,,,
承知,,,,,,,,
づくり,,,,,,,,
きっちり,1,,,,,,,
だし,,,,,,,,
医療機関,,,,,,,,
休憩,,,,,,,,
身体,,,,,,,,
調査,,,,,,,,
FA,,,,,,,,
ojD,,,,,,,,
E,,,,,,,,
気力,,,,,,,,
私のように,,,,,,,,
たい面,,,,,,,,
ファンクション,,,,,,,,
縮小,,,,,,,,
品質,,,,,,,,
拠,,,,,,,,
耐性,,,,,,,,
常態,,,,,,,,
オンオフ,,,,,,,,
ダイナミック,,,,,,,,
HGNE,,,,,,,,
アグレッシブ,,,,,,,,
作業量,,,,,,,,
論理的,,,,,,,,
募集要項,,,,,,,,
自発,,,,,,,,
運用,,,,,,,,
ＯＪＴ,,,,,,,,
きっと,,,,,,,,
不要,,,,,,,,
ｸﾞﾙｰﾌﾟ,,,,,,,,
基本給,,,,,,,,
神経,,,,,,,,
自律的,,,,,,,,
良き,,,,,,,,
直面,,,,,,,,
いまいち,-1,,,,,,,
小回り,,,,,,,,
経営者,,,,,,,,
2015年,,,,,,,,
慢性,,,,,,,,
いかよう,,,,,,,,
コンプラ,,,,,,,,
CSO,,,,,,,,
主婦,,,,,,,,
美化,,,,,,,,
工程,,,,,,,,
見極め,,,,,,,,
国際,,,,,,,,
大差,,,,,,,,
グレー,,,,,,,,
吉,,,,,,,,
わるく,,,,,,,,
手当て,,,,,,,,
eL,,,,,,,,
ﾗ,,,,,,,,
誰彼,,,,,,,,
体現,,,,,,,,
育児支援,,,,,,,,
我慢,,,,,,,,
5時間,,,,,,,,
時間外労働,,,,,,,,
軽々しく,,,,,,,,
駄目,-1,,,,,,,
各自,,,,,,,,
全般,,,,,,,,
ガツガツ,,,,,,,,
だいぶ,,,,,,,,
主観的,,,,,,,,
将来的,,,,,,,,
出社,,,,,,,,
先進,,,,,,,,
通過,,,,,,,,
属人的,,,,,,,,
副業,,,,,,,,
方面,,,,,,,,
真っ当,,,,,,,,
好調,,,,,,,,
追求,,,,,,,,
天下り,,,,,,,,
正しい,,,,,,,,
比,,,,,,,,
ページ,,,,,,,,
創造,,,,,,,,
順調,,,,,,,,
重圧,,,,,,,,
モデル,,,,,,,,
産業,,,,,,,,
つまり,,,,,,,,
私たち,,,,,,,,
駒,,,,,,,,
cf,,,,,,,,
率直,,,,,,,,
欲しく,,,,,,,,
適当,,,,,,,,
後押し,,,,,,,,
夜中,,,,,,,,
風当たり,,,,,,,,
ke,,,,,,,,
アライン,,,,,,,,
だめ,,,,,,,,
五分五分,,,,,,,,
保険,,,,,,,,
鑽,,,,,,,,
持ち,,,,,,,,
bg,,,,,,,,
体裁,,,,,,,,
会い,,,,,,,,
生活環境,,,,,,,,
電力,,,,,,,,
使い方,,,,,,,,
長年,,,,,,,,
得たい,,,,,,,,
他方,,,,,,,,
明白,,,,,,,,
構成,,,,,,,,
参考,,,,,,,,
どうか,,,,,,,,
食堂,,,,,,,,
中小企業,,,,,,,,
家事,,,,,,,,
皆様,,,,,,,,
設立,,,,,,,,
Leader,,,,,,,,
注射,,,,,,,,
恥ずかしく,,,,,,,,
欲,,,,,,,,
US,,,,,,,,
若者,,,,,,,,
度合,,,,,,,,
見方,,,,,,,,
ホスピタリティ,,,,,,,,
足,,,,,,,,
製剤,,,,,,,,
トイレ,,,,,,,,
小さく,,,,,,,,
フィードバック,,,,,,,,
イマイチ,,,,,,,,
半導体,,,,,,,,
訓練,,,,,,,,
波形,,,,,,,,
Culture,,,,,,,,
比重,,,,,,,,
勧誘,,,,,,,,
向こう,,,,,,,,
対応力,,,,,,,,
閉鎖,,,,,,,,
新参者,,,,,,,,
彼,,,,,,,,
率先,,,,,,,,
イン,,,,,,,,
カスタマー,,,,,,,,
本当は,,,,,,,,
成長産業,,,,,,,,
健全,,,,,,,,
多様化,,,,,,,,
HfD,,,,,,,,
した仕事,,,,,,,,
ビジョナリー,,,,,,,,
原点,,,,,,,,
職歴,,,,,,,,
_,,,,,,,,
あえて,,,,,,,,
死,,,,,,,,
阿部,,,,,,,,
パ,,,,,,,,
もっとも,,,,,,,,
もろもろ,,,,,,,,
サラリー,,,,,,,,
歩,,,,,,,,
_杵,,,,,,,,
綻,,,,,,,,
上限,,,,,,,,
申請書,,,,,,,,
人任せ,,,,,,,,
規制,,,,,,,,
手薄い,,,,,,,,
貧乏,,,,,,,,
夕方,,,,,,,,
年令,,,,,,,,
切り,,,,,,,,
cmo,,,,,,,,
企業価値,,,,,,,,
指向,,,,,,,,
主導,,,,,,,,
亭,,,,,,,,
平常,,,,,,,,
違法,,,,,,,,
収益性,,,,,,,,
スバラシイ,,,,,,,,
2人,,,,,,,,
オーファン,,,,,,,,
万遍なく,,,,,,,,
濃い,,,,,,,,
現実性,,,,,,,,
往々,,,,,,,,
足枷,,,,,,,,
Negative,,,,,,,,
手薄,,,,,,,,
比率,,,,,,,,
杵,,,,,,,,
販売,,,,,,,,
リクナビ,,,,,,,,
取締役,,,,,,,,
生産能力,,,,,,,,
正当化,,,,,,,,
told,,,,,,,,
ばかばかしく,,,,,,,,
着実,,,,,,,,
ﾊｸ,,,,,,,,
てる,,,,,,,,
シングルマザー,,,,,,,,
マジで,,,,,,,,
akJ,,,,,,,,
いそがしい,,,,,,,,
柚,,,,,,,,
天地,,,,,,,,
濃厚,,,,,,,,
深,,,,,,,,
ものさし,,,,,,,,
とい,,,,,,,,
流入,,,,,,,,
CTS,,,,,,,,
去年,,,,,,,,
職安,,,,,,,,
ゃないとしんどくなると,,,,,,,,
盆,,,,,,,,
u,,,,,,,,
虚しい,-1,,,,,,,
秘密,,,,,,,,
悩み,,,,,,,,
DfO,,,,,,,,
勤怠,,,,,,,,
スペック,,,,,,,,
定職,,,,,,,,
歪,,,,,,,,
本拠地,,,,,,,,
ＧＥ,,,,,,,,
人らしく,,,,,,,,
ALCOA,,,,,,,,
凄く,,,,,,,,
mL,,,,,,,,
不倫,,,,,,,,
不適,,,,,,,,
タイトル,,,,,,,,
跿,,,,,,,,
畫,,,,,,,,
異質,,,,,,,,
闥,,,,,,,,
疉,,,,,,,,
LMS,,,,,,,,
たま,,,,,,,,
企業倫理,,,,,,,,
たび,,,,,,,,
100%,,,,,,,,
RLS,,,,,,,,
自覚,,,,,,,,
Ln,,,,,,,,
食品会社,,,,,,,,
Lk,,,,,,,,
ぱんよりかなりいい,,,,,,,,
中堅企業,,,,,,,,
hoS,,,,,,,,
補填,,,,,,,,
3人,,,,,,,,
バンク,,,,,,,,
円,,,,,,,,
洗濯,,,,,,,,
キャパシティ,,,,,,,,
顧客満足,,,,,,,,
立てて,,,,,,,,
協業,,,,,,,,
コラボレーション,,,,,,,,
高齢化,,,,,,,,
なおさら,,,,,,,,
燃料,,,,,,,,
二,,,,,,,,
県内,,,,,,,,
ミーティング,,,,,,,,
フォーカス,,,,,,,,
巨人軍,,,,,,,,
ｰハ,,,,,,,,
恒常,,,,,,,,
デファクト,,,,,,,,
帯,,,,,,,,
妝,,,,,,,,
wo,,,,,,,,
見本,,,,,,,,
汲,,,,,,,,
有,,,,,,,,
環境分析,,,,,,,,
実際問題,,,,,,,,
配置,,,,,,,,
wS,,,,,,,,
未,,,,,,,,
和やか,,,,,,,,
倍率,,,,,,,,
PRT,,,,,,,,
編成,,,,,,,,
ある時,,,,,,,,
400,,,,,,,,
明け,,,,,,,,
マーケティング,,,,,,,,
供給,,,,,,,,
種々,,,,,,,,
ペーパーレス,,,,,,,,
採点,,,,,,,,
稼働,,,,,,,,
おおむね,,,,,,,,
まっとう,,,,,,,,
ブラックボックス,,,,,,,,
best,,1,,,,,,
撹,,,,,,,,
ｩ,,,,,,,,
少々,,,,,,,,
吸嫺,,,,,,,,
余所者,,,,,,,,
県外,,,,,,,,
多彩,,,,,,,,
l,,,,,,,,
むき,,,,,,,,
ｬ,,,,,,,,
koY,,,,,,,,
守り,,,,,,,,
日中,,,,,,,,
石の上にも三年,,,,,,,,
hＫD,,,,,,,,
進化,,,,,,,,
しわ寄せ,,,,,,,,
貴重,,,,,,,,
ワーママ,,,,,,,,
ロビイスト,,,,,,,,
見え難い,,,,,,,,
しばしば,,,,,,,,
10月,,,,,,,,
本質,,,,,,,,
あきらか,,,,,,,,
箇所,,,,,,,,
Fgo,,,,,,,,
根強く,,,,,,,,
appropreate,,,,,,,,
コーディネート,,,,,,,,
UgB,,,,,,,,
最大限,,,,,,,,
肋,,,,,,,,
万が一,,,,,,,,
standard,,,,,,,,
27歳,,,,,,,,
GCP,,,,,,,,
掩汲,,,,,,,,
急増,,,,,,,,
上目,,,,,,,,
使,,,,,,,,
なお,,,,,,,,
習慣,,,,,,,,
判明,,,,,,,,
傲慢,,,,,,,,
委譲,,,,,,,,
家で,,,,,,,,
kdDfohO,,,,,,,,
密度,,,,,,,,
払しょく,,,,,,,,
拒絶,,,,,,,,
ないがしろ,,,,,,,,
実状,,,,,,,,
事務職,,,,,,,,
おき,,,,,,,,
じゃなくて,,,,,,,,
ステージ,,,,,,,,
がいく,,,,,,,,
うまい,1,,,,,,,
切れ目,,,,,,,,
ゆるっ,,,,,,,,
混乱,,,,,,,,
1分,,,,,,,,
RMP,,,,,,,,
ECO,,,,,,,,
PVC,,,,,,,,
パワープレイ,,,,,,,,
40代,,,,,,,,
うちに,,,,,,,,
きっぱり,,,,,,,,
発見,,,,,,,,
活性,,,,,,,,
nzU,,,,,,,,
紹介料,,,,,,,,
参入,,,,,,,,
契,,,,,,,,
各社,,,,,,,,
施行,,,,,,,,
末端,,,,,,,,
くない,,,,,,,,
原動力,,,,,,,,
い本,,,,,,,,
判別,,,,,,,,
親,,,,,,,,
SPEED,,,,,,,,
重,,,,,,,,
ツライ,-1,,,,,,,
満々,,,,,,,,
合意,,,,,,,,
すすめ,,,,,,,,
わかり,,,,,,,,
剣,,,,,,,,
弱く,,,,,,,,
愚痴,,,,,,,,
全面支援,,,,,,,,
闇雲,,,,,,,,
品質保証,,,,,,,,
PDCAサイクル,,,,,,,,
弱み,,,,,,,,
gMfD,,,,,,,,
安く,,,,,,,,
学生時代,,,,,,,,
是非に,,,,,,,,
手前,,,,,,,,
シ,,,,,,,,
管理者,,,,,,,,
気の毒,,,,,,,,
時に,,,,,,,,
桂,,,,,,,,
ロールチェンジ,,,,,,,,
好み,,,,,,,,
m,,,,,,,,
文書,,,,,,,,
巻き取り,,,,,,,,
幾つ,,,,,,,,
天国と地獄,,,,,,,,
一つ一つ,,,,,,,,
kKL,,,,,,,,
更新,,,,,,,,
肉体関係,,,,,,,,
公平性,,,,,,,,
予測,,,,,,,,
学びや,,,,,,,,
主導権,,,,,,,,
ﾆ,,,,,,,,
確約,,,,,,,,
透析,,,,,,,,
親友,,,,,,,,
my,,,,,,,,
程々,,,,,,,,
高め,,,,,,,,
４０代,,,,,,,,
適所,,,,,,,,
物質,,,,,,,,
リリース,,,,,,,,
私見,,,,,,,,
束,,,,,,,,
Flat,,,,,,,,
スミマセン,,,,,,,,
OShn,,,,,,,,
OSho,,,,,,,,
材,,,,,,,,
ﾓ,,,,,,,,
悲惨,,,,,,,,
もってこい,,,,,,,,
距離,,,,,,,,
１月,,,,,,,,
確証,,,,,,,,
医師,,,,,,,,
職業選択,,,,,,,,
長らく,,,,,,,,
協力会社,,,,,,,,
守秘義務,,,,,,,,
7人,,,,,,,,
セクハラ,,,,,,,,
_鰲,,,,,,,,
手続,,,,,,,,
派遣さん,,,,,,,,
新幹線,,,,,,,,
閠,,,,,,,,
突破,,,,,,,,
陰り,,,,,,,,
薔,,,,,,,,
文化的,,,,,,,,
鍬,,,,,,,,
指摘,,,,,,,,
墨,,,,,,,,
都会暮らし,,,,,,,,
面白けれ,,,,,,,,
単価,,,,,,,,
かえって,,,,,,,,
Datalabs,,,,,,,,
収益力,,,,,,,,
広報,,,,,,,,
gm,,,,,,,,
スペシャル,,,,,,,,
Parexel,,,,,,,,
34歳,,,,,,,,
取り扱い,,,,,,,,
wO,,,,,,,,
支払い,,,,,,,,
揚,,,,,,,,
ジ,,,,,,,,
wW,,,,,,,,
落差,,,,,,,,
しょうが,,,,,,,,
莫大,,,,,,,,
wY,,,,,,,,
and,,,,,,,,
早くから,,,,,,,,
遮断,,,,,,,,
了解,,,,,,,,
求職者,,,,,,,,
お話,,,,,,,,
著名,,,,,,,,
頭打ち,,,,,,,,
柔和,,,,,,,,
多め,,,,,,,,
連動,,,,,,,,
キックオフ,,,,,,,,
信頼関係,,,,,,,,
ＫＰＩ,,,,,,,,
終日,,,,,,,,
品目,,,,,,,,
説得,,,,,,,,
SWfD,,,,,,,,
不当,,,,,,,,
対象外,,,,,,,,
縁故,,,,,,,,
parents,,,,,,,,
期待感,,,,,,,,
ギスギス,,,,,,,,
DhMg,,,,,,,,
官僚,,,,,,,,
深刻,,,,,,,,
嶋,,,,,,,,
なんとなく,,,,,,,,
CC,,,,,,,,
淇,,,,,,,,
高収入,,,,,,,,
製販,,,,,,,,
実力主義,,,,,,,,
意識改革,,,,,,,,
偏重,,,,,,,,
興味本位,,,,,,,,
判断基準,,,,,,,,
CS,,,,,,,,
CR,,,,,,,,
gnH,,,,,,,,
すでに,,,,,,,,
Trend,,,,,,,,
バス停,,,,,,,,
can,,,,,,,,
DＯLB,,,,,,,,
WfoNDh,,,,,,,,
上向き,,,,,,,,
CVU,,,,,,,,
有無,,,,,,,,
根拠,,,,,,,,
不出来,,,,,,,,
ほしく,,,,,,,,
がた,,,,,,,,
原因,,,,,,,,
暗黙の了解,,,,,,,,
10才,,,,,,,,
根っこ,,,,,,,,
采配,,,,,,,,
DP,,,,,,,,
発言権,,,,,,,,
フィルター,,,,,,,,
いくらでも,,,,,,,,
浜松町駅,,,,,,,,
逆行,,,,,,,,
疑い,,,,,,,,
糧,,,,,,,,
如何わし,,,,,,,,
VM,,,,,,,,
アドバンテージ,,,,,,,,
人達,,,,,,,,
バリューチェーン,,,,,,,,
不得意,,,,,,,,
タチ,,,,,,,,
妥協,-1,,,,,,,
_,,,,,,,,
ハイリスク,,,,,,,,
あるかな,,,,,,,,
mhWf,,,,,,,,
120日,,,,,,,,
姙横,,,,,,,,
Manager,,,,,,,,
エンジニアリング,,,,,,,,
特段,,,,,,,,
プライ,,,,,,,,
フロント,,,,,,,,
人選,,,,,,,,
郷に入っては郷に従え,,,,,,,,
難,,,,,,,,
講義,,,,,,,,
かなえ,,,,,,,,
非情,,,,,,,,
プレーヤー,,,,,,,,
とうてい,,,,,,,,
源泉,,,,,,,,
プロパー,,,,,,,,
bnE,,,,,,,,
Happy,,,,,,,,
いち,,,,,,,,
WDh,,,,,,,,
ｳﾟ,,,,,,,,
割合,,,,,,,,
持,,,,,,,,
おおらか,,,,,,,,
か等,,,,,,,,
ぎすぎす,-1,,,,,,,
あたらしい,,,,,,,,
ごり押し,,,,,,,,
わな,,,,,,,,
早朝,,,,,,,,
つよい,,,,,,,,
51,,,,,,,,
週間,,,,,,,,
手のうち,,,,,,,,
specific,,,,,,,,
HighCom,,,,,,,,
近隣,,,,,,,,
対象年齢,,,,,,,,
準備期間,,,,,,,,
スペシフィック,,,,,,,,
熔,,,,,,,,
HM,,,,,,,,
メディカル,,,,,,,,
強かっ,,,,,,,,
ぎて,,,,,,,,
抽出,,,,,,,,
北関東,,,,,,,,
軸,,,,,,,,
ない分,,,,,,,,
35,,,,,,,,
迷惑,,,,,,,,
17時,,,,,,,,
やむを得ない,,,,,,,,
フィーリング,,,,,,,,
現実的,,,,,,,,
お母さん,,,,,,,,
技量,,,,,,,,
落穂,,,,,,,,
直近,,,,,,,,
地位,,,,,,,,
うかつ,,,,,,,,
取扱い,,,,,,,,
抑制,,,,,,,,
蕎,,,,,,,,
メディア,,,,,,,,
ｺﾐｭﾆｹｰｼｮﾝ,,,,,,,,
診察,,,,,,,,
採否,,,,,,,,
宣伝,,,,,,,,
需要,,,,,,,,
日曜,,,,,,,,
低けれ,,,,,,,,
後ろ向き,,,,,,,,
当事者,,,,,,,,
ぶん,,,,,,,,
危惧,,,,,,,,
衢蚓,,,,,,,,
世帯主,,,,,,,,
存在価値,,,,,,,,
24日,,,,,,,,
家計,,,,,,,,
もったいない,-1,,,,,,,
ﾏﾈｰｼﾞﾒﾝﾄ,,,,,,,,
ナビ,,,,,,,,
山々,,,,,,,,
脅,,,,,,,,
細分,,,,,,,,
アセットマネジメント,,,,,,,,
オペレーション,,,,,,,,
待機児童,,,,,,,,
happy,,,,,,,,
広がり,,,,,,,,
天,,,,,,,,
不愉快です,,,,,,,,
ステキ,,,,,,,,
Sahj,,,,,,,,
いみ,,,,,,,,
思いっきり,,,,,,,,
収益,,,,,,,,
科,,,,,,,,
権限,,,,,,,,
さま,,,,,,,,
おざなり,,,,,,,,
何処,,,,,,,,
2月,,,,,,,,
軽視,-1,,,,,,,
いの子,,,,,,,,
仲い,,,,,,,,
活力,,,,,,,,
ないと,,,,,,,,
リクルータ,,,,,,,,
ゴールドマンサックス,,,,,,,,
めんどくさい,-1,,,,,,,
ひとで,,,,,,,,
調子,,,,,,,,
いまいちな,,,,,,,,
娘,,,,,,,,
このごろ,,,,,,,,
nP,,,,,,,,
人脈作り,,,,,,,,
実験,,,,,,,,
nn,,,,,,,,
低賃金,,,,,,,,
nf,,,,,,,,
二の足,,,,,,,,
したて,,,,,,,,
フル回転,,,,,,,,
Manage,,,,,,,,
たい,,,,,,,,
ｼﾍ,,,,,,,,
最新,,,,,,,,
hDFShL,,,,,,,,
最大手,,,,,,,,
ＯＫ,,,,,,,,
ズサン,,,,,,,,
上がり,,,,,,,,
安さ,,,,,,,,
冷たい,,,,,,,,
噂,,,,,,,,
出て,,,,,,,,
獲得,,,,,,,,
パートナ,,,,,,,,
恩着せがましく,,,,,,,,
毛嫌い,,,,,,,,
謝礼,,,,,,,,
global,,,,,,,,
people,,,,,,,,
古くさい,,,,,,,,
曙,,,,,,,,
売却,,,,,,,,
ひょうひょうと,,,,,,,,
たまに,,,,,,,,
熟知,,,,,,,,
劇的,,,,,,,,
程よい,1,,,,,,,
未婚,,,,,,,,
異種,,,,,,,,
国内外,,,,,,,,
シマンテック,,,,,,,,
働く女性,,,,,,,,
渡し,,,,,,,,
雇用主,,,,,,,,
あやふや,,,,,,,,
作動,,,,,,,,
やり手,,,,,,,,
エネルギッシュ,,,,,,,,
お手伝い,,,,,,,,
専業,,,,,,,,
分業,,,,,,,,
自発性,,,,,,,,
Just,,,,,,,,
市内,,,,,,,,
事前,,,,,,,,
蓄積,,,,,,,,
隙,,,,,,,,
目途,,,,,,,,
株式会社富山,,,,,,,,
gMjD,,,,,,,,
今日,,,,,,,,
CDMO,,,,,,,,
目新しく,,,,,,,,
作業員,,,,,,,,
事務,,,,,,,,
中央値,,,,,,,,
aKn,,,,,,,,
眼鏡,,,,,,,,
呈示,,,,,,,,
説教,,,,,,,,
至上主義,,,,,,,,
分け,,,,,,,,
bW,,,,,,,,
念入り,,,,,,,,
一心,,,,,,,,
敬,,,,,,,,
暗い,-1,,,,,,,
事業展開,,,,,,,,
めんどう,,,,,,,,
また,,,,,,,,
昇華,,,,,,,,
ＣＲＯ,,,,,,,,
意地悪,,,,,,,,
適性検査,,,,,,,,
キモ,,,,,,,,
ﾌｫﾛｰ,,,,,,,,
初めて,,,,,,,,
ﾕﾐ,,,,,,,,
感動,,,,,,,,
ート,,,,,,,,
ユーザ,,,,,,,,
在席,,,,,,,,
MO,,,,,,,,
パイオニア,,,,,,,,
難点,,,,,,,,
ｸﾞﾛｰﾊﾞﾙ,,,,,,,,
チカラ,,,,,,,,
文系,,,,,,,,
突出,,,,,,,,
早帰り,,,,,,,,
立ち直り,,,,,,,,
接点,,,,,,,,
素材,,,,,,,,
進行,,,,,,,,
JP,,,,,,,,
しあわせ,,,,,,,,
等級,,,,,,,,
SportsDay,,,,,,,,
ディレクター,,,,,,,,
今さら,,,,,,,,
倫理,,,,,,,,
裕,,,,,,,,
命令,,,,,,,,
_,,,,,,,,
時差,,,,,,,,
漠然と,,,,,,,,
たのしい,,,,,,,,
可否,,,,,,,,
きつく,,,,,,,,
DLriD,,,,,,,,
スマート,,,,,,,,
無責任,,,,,,,,
アポ,,,,,,,,
腹,,,,,,,,
帰属意識,,,,,,,,
いくつ,,,,,,,,
ぶた,,,,,,,,
崇高,,,,,,,,
押し売り,,,,,,,,
共働き,,,,,,,,
フィジビリ,,,,,,,,
5年間,,,,,,,,
無条件,,,,,,,,
階級,,,,,,,,
大会社,,,,,,,,
ユニット,,,,,,,,
幻滅,,,,,,,,
割り,,,,,,,,
8月,,,,,,,,
一見,,,,,,,,
鱈,,,,,,,,
旺盛,,,,,,,,
長所,,,,,,,,
fYp,,,,,,,,
余り,,,,,,,,
すこし,,,,,,,,
王手,,,,,,,,
意味合い,,,,,,,,
組織体,,,,,,,,
きた,,,,,,,,
はるか,,,,,,,,
アワード,,,,,,,,
茨城県日立市,,,,,,,,
岐路,,,,,,,,
堅苦しく,,,,,,,,
得点,,,,,,,,
勇気,,,,,,,,
ママ友,,,,,,,,
3月11日,,,,,,,,
セールス,,,,,,,,
色濃く,,,,,,,,
問い合わせ,,,,,,,,
有用,,,,,,,,
暁,,,,,,,,
万全,,,,,,,,
きっ,,,,,,,,
外国人,,,,,,,,
年俸制,,,,,,,,
形骸,,,,,,,,
ガム,,,,,,,,
日系企業,,,,,,,,
社名,,,,,,,,
一時的,,,,,,,,
ほぼイコール,,,,,,,,
76,,,,,,,,
ごまかし,,,,,,,,
箱,,,,,,,,
FShoＢ,,,,,,,,
静岡県,,,,,,,,
した職,,,,,,,,
専門家,,,,,,,,
eWfD,,,,,,,,
きびしく,,,,,,,,
4g,,,,,,,,
平場,,,,,,,,
2年目,,,,,,,,
ルーティン,,,,,,,,
またとない,,,,,,,,
不自由,,,,,,,,
雑用,,,,,,,,
ＧＯ,,,,,,,,
hogMjD,,,,,,,,
2015,,,,,,,,
拒否,,,,,,,,
重点,,,,,,,,
エリート意識,,,,,,,,
趣旨,,,,,,,,
Shj,,,,,,,,
Shk,,,,,,,,
エキスパ,,,,,,,,
マーケーット,,,,,,,,
_,,,,,,,,
内省,,,,,,,,
_,,,,,,,,
帰り,,,,,,,,
毎度,,,,,,,,
RHD,,,,,,,,
オーガナイズ,,,,,,,,
尊厳,,,,,,,,
休出,,,,,,,,
ee,,,,,,,,
グルーブ,,,,,,,,
ヵ月,,,,,,,,
適,,,,,,,,
信念,,,,,,,,
メジャー,,,,,,,,
_,,,,,,,,
数社,,,,,,,,
一様,,,,,,,,
非正規雇用,,,,,,,,
唯一無二,,,,,,,,
窓口,,,,,,,,
逡巡,,,,,,,,
基調,,,,,,,,
時間的,,,,,,,,
山口,,,,,,,,
時折,,,,,,,,
Qfp,,,,,,,,
元気です。,,,,,,,,
尚且つ,,,,,,,,
流,,,,,,,,
Security,,,,,,,,
藕,,,,,,,,
おしゃれ,,,,,,,,
例年,,,,,,,,
風穴,,,,,,,,
汚く,,,,,,,,
一律,,,,,,,,
子息,,,,,,,,
昼食,,,,,,,,
何かと,,,,,,,,
逃げ場,,,,,,,,
think,,,,,,,,
xn,,,,,,,,
評判,,,,,,,,
特筆,,,,,,,,
昔ながらの,,,,,,,,
短縮,,,,,,,,
発掘,,,,,,,,
案内,,,,,,,,
hkKL,,,,,,,,
待ち,,,,,,,,
穏やか,,,,,,,,
面白味,,,,,,,,
キャッシュバック,,,,,,,,
つき,,,,,,,,
生真面目,,,,,,,,
身の回り,,,,,,,,
家賃,,,,,,,,
MISSION,,,,,,,,
1g,,,,,,,,
2008年,,,,,,,,
束縛,,,,,,,,
断,,,,,,,,
イーラーニング,,,,,,,,
適任,,,,,,,,
kefW,,,,,,,,
入れ替え,,,,,,,,
今回,,,,,,,,
たぶん,,,,,,,,
Client,,,,,,,,
嗾,,,,,,,,
ゼネラル,,,,,,,,
在職,,,,,,,,
女友達,,,,,,,,
世論,,,,,,,,
阻害,,,,,,,,
堅実,,,,,,,,
訪問,,,,,,,,
生活圏,,,,,,,,
それ以降,,,,,,,,
弊害,,,,,,,,
唯一,,,,,,,,
メリデメ,,,,,,,,
DF,,,,,,,,
マシ,,,,,,,,
土壌,,,,,,,,
辛抱強い,1,,,,,,,
ままならない,-1,,,,,,,
RSC,,,,,,,,
ファースト,,,,,,,,
Dg,,,,,,,,
こっち,,,,,,,,
透明,,,,,,,,
既得権益,,,,,,,,
あたりまえ,,,,,,,,
上位,,,,,,,,
戯,,,,,,,,
果たして,,,,,,,,
混合,,,,,,,,
リクエスト,,,,,,,,
笈,,,,,,,,
余分,,,,,,,,
合弁会社,,,,,,,,
引け目,,,,,,,,
gYL,,,,,,,,
労働組合,,,,,,,,
大げさ,,,,,,,,
笑,,,,,,,,
発電,,,,,,,,
ポリ,,,,,,,,
笠,,,,,,,,
たいてい,,,,,,,,
阻害要因,,,,,,,,
オペ,,,,,,,,
系統,,,,,,,,
猛烈,,,,,,,,
ニュートラル,,,,,,,,
Web,,,,,,,,
レクリエーション,,,,,,,,
WL,,,,,,,,
tnz,,,,,,,,
中央,,,,,,,,
満,,,,,,,,
唹淇,,,,,,,,
分担,,,,,,,,
不安感,,,,,,,,
とおり,,,,,,,,
ＦＩＴ,,,,,,,,
おもい,,,,,,,,
先行,,,,,,,,
報奨,,,,,,,,
部課,,,,,,,,
_,,,,,,,,
get,,,,,,,,
WddB,,,,,,,,
WDＯkj,,,,,,,,
ひどい,,,,,,,,
浪費,,,,,,,,
カルチャ,,,,,,,,
うい,,,,,,,,
ハメ,,,,,,,,
社会性,,,,,,,,
打ち合わせ,,,,,,,,
適用,,,,,,,,
鉄人,,,,,,,,
画一,,,,,,,,
措置,,,,,,,,
YES,,,,,,,,
い,,,,,,,,
なみ,,,,,,,,
kPcfgYL,,,,,,,,
銘柄,,,,,,,,
ルーチンワーク,,,,,,,,
まとまり,,,,,,,,
４０歳,,,,,,,,
具,,,,,,,,
跳ね返り,,,,,,,,
トレンダー,,,,,,,,
いつまでも,,,,,,,,
入ろう,,,,,,,,
エンニニアリング,,,,,,,,
り上,,,,,,,,
足取り,,,,,,,,
年末年始,,,,,,,,
横ばい,,,,,,,,
大型,,,,,,,,
ガッツ,,,,,,,,
オフシェア,,,,,,,,
WillCanMust,,,,,,,,
余力,,,,,,,,
無理強い,,,,,,,,
_,,,,,,,,
ザ,,,,,,,,
河川,,,,,,,,
相対,,,,,,,,
検,,,,,,,,
ひとり,,,,,,,,
etc.,,,,,,,,
おおく,,,,,,,,
ﾛ,,,,,,,,
Meets,,,,,,,,
s,,,,,,,,
WfW,,,,,,,,
差引,,,,,,,,
成立,,,,,,,,
構造,,,,,,,,
ごたえ,,,,,,,,
法令,,,,,,,,
疎か,,,,,,,,
つらく,,,,,,,,
プレー,,,,,,,,
押しつけ,,,,,,,,
安かろ,,,,,,,,
イ事,,,,,,,,
白物家電,,,,,,,,
表向き,,,,,,,,
距離感,,,,,,,,
Lyncs,,,,,,,,
カッコ,,,,,,,,
真正面,,,,,,,,
21時,,,,,,,,
朽,,,,,,,,
UFh,,,,,,,,
名刺,,,,,,,,
曳,,,,,,,,
一助,,,,,,,,
100万円,,,,,,,,
容認,,,,,,,,
ドメスティック,,,,,,,,
ソース,,,,,,,,
お伝え,,,,,,,,
大志,,,,,,,,
登用,,,,,,,,
意思表示,,,,,,,,
一定レベル,,,,,,,,
新メンバー,,,,,,,,
辺り,,,,,,,,
トコトン,,,,,,,,
見やす,,,,,,,,
物理,,,,,,,,
フットワーク,,,,,,,,
誤記,,,,,,,,
行こう,,,,,,,,
先行投資,,,,,,,,
いつまでもいつまでも,,,,,,,,
ハイレベル,,,,,,,,
加味,,,,,,,,
必死,,,,,,,,
Coching,,,,,,,,
硬め,,,,,,,,
建設,,,,,,,,
見劣り,,,,,,,,
みこ,,,,,,,,
いかに,,,,,,,,
悔しい,-1,,,,,,,
nh,,,,,,,,
火力,,,,,,,,
ちち,,,,,,,,
fRm,,,,,,,,
同然,,,,,,,,
継承,,,,,,,,
%,,,,,,,,
まじめさ,,,,,,,,
よけれ,,,,,,,,
未来へ,,,,,,,,
_,,,,,,,,
部会,,,,,,,,
kO,,,,,,,,
WZdoOj,,,,,,,,
Io,,,,,,,,
ｷﾕﾈ,,,,,,,,
ワークシェア,,,,,,,,
バリエーション,,,,,,,,
長続き,,,,,,,,
RepSales,,,,,,,,
前前,,,,,,,,
チェンジ,,,,,,,,
若かっ,,,,,,,,
転居,,,,,,,,
SG,,,,,,,,
古き,,,,,,,,
LYPk,,,,,,,,
すっかり,,,,,,,,
プラスマイナス,,,,,,,,
信用,,,,,,,,
つぎつぎ,,,,,,,,
リラックス,,,,,,,,
場当たり,,,,,,,,
改悪,,,,,,,,
エスカレーター,,,,,,,,
専念,,,,,,,,
role,,,,,,,,
健全性,,,,,,,,
つまらない,-1,,,,,,,
北海道,,,,,,,,
修了,,,,,,,,
マーク,,,,,,,,
WYH,,,,,,,,
磨き,,,,,,,,
高いー,,,,,,,,
Project,,,,,,,,
囲い込み,,,,,,,,
PMED,,,,,,,,
著しく,,,,,,,,
色,,,,,,,,
易けれ,,,,,,,,
事そう,,,,,,,,
志望,,,,,,,,
とおし,,,,,,,,
同種,,,,,,,,
自由裁量,,,,,,,,
現況,,,,,,,,
ﾗｫ,,,,,,,,
岩,,,,,,,,
喩,,,,,,,,
上手,,,,,,,,
提示,,,,,,,,
IoT,,,,,,,,
鰒,,,,,,,,
44歳,,,,,,,,
利,,,,,,,,
基点,,,,,,,,
神戸,,,,,,,,
AD,,,,,,,,
いい加減,,,,,,,,
多重,,,,,,,,
変動,,,,,,,,
PRXL,,,,,,,,
酷く,,,,,,,,
介護,,,,,,,,
はげしく,,,,,,,,
オフライン,,,,,,,,
効果,,,,,,,,
かっこ,,,,,,,,
ギリギリ,,,,,,,,
もう一度,,,,,,,,
_,,,,,,,,
都道府県,,,,,,,,
けが,,,,,,,,
学力,,,,,,,,
職業観,,,,,,,,
位置,,,,,,,,
利己,,,,,,,,
臠,,,,,,,,
LcfDM,,,,,,,,
年俸,,,,,,,,
初回,,,,,,,,
む人,,,,,,,,
もろに,,,,,,,,
精神面,,,,,,,,
吸嫐,,,,,,,,
支弁,,,,,,,,
鈍感力,,,,,,,,
こう着,,,,,,,,
子育て支援,,,,,,,,
cfJ,,,,,,,,
Dng,,,,,,,,
先端,,,,,,,,
安,,,,,,,,
雇用条件,,,,,,,,
証明,,,,,,,,
囚われ,,,,,,,,
商社,,,,,,,,
座席,,,,,,,,
ｸ,,,,,,,,
LcfD,,,,,,,,
客,,,,,,,,
皆さん,,,,,,,,
室,,,,,,,,
要領,,,,,,,,
ND,,,,,,,,
単調,,,,,,,,
安住,,,,,,,,
遊び,,,,,,,,
ｷ,,,,,,,,
勧告,,,,,,,,
はっき,,,,,,,,
Supervise,,,,,,,,
宸,,,,,,,,
旧態依然,,,,,,,,
職域,,,,,,,,
人じ,,,,,,,,
持続,,,,,,,,
問い,,,,,,,,
格段,,,,,,,,
肉体的,,,,,,,,
フォーム,,,,,,,,
Active,,,,,,,,
アスタリスク,,,,,,,,
履歴,,,,,,,,
金銭,,,,,,,,
8割,,,,,,,,
黒字,,,,,,,,
とりわけ,,,,,,,,
瑤,,,,,,,,
MHPS,,,,,,,,
2つ,,,,,,,,
異常,,,,,,,,
手袋,,,,,,,,
切っ掛け,,,,,,,,
中部,,,,,,,,
kLcfDO,,,,,,,,
Mission,,,,,,,,
経済的,,,,,,,,
巨大,,,,,,,,
蛋,,,,,,,,
らいが,,,,,,,,
_,,,,,,,,
企業努力,,,,,,,,
自負,,,,,,,,
到底,,,,,,,,
当時,,,,,,,,
確定拠出年金,,,,,,,,
庶務,,,,,,,,
若め,,,,,,,,
青臭く,,,,,,,,
か弱い,,,,,,,,
のりお,,,,,,,,
重大,,,,,,,,
問合せ,,,,,,,,
署員,,,,,,,,
両社,,,,,,,,
量産型,,,,,,,,
起案,,,,,,,,
環境要因,,,,,,,,
とり,,,,,,,,
2011年,,,,,,,,
SBof,,,,,,,,
ざっくり,,,,,,,,
行為,,,,,,,,
kJDf,,,,,,,,
陰湿,,,,,,,,
選び,,,,,,,,
エピソード,,,,,,,,
出会い,,,,,,,,
一事が万事,,,,,,,,
ピーク時,,,,,,,,
とう,,,,,,,,
指向性,,,,,,,,
多才,,,,,,,,
tn,,,,,,,,
規約,,,,,,,,
日経平均,,,,,,,,
とこ,,,,,,,,
Training,,,,,,,,
有益,,,,,,,,
人事異動,,,,,,,,
営業利益,,,,,,,,
おいで,,,,,,,,
僕,,,,,,,,
むしろ,,,,,,,,
ミックス,,,,,,,,
必要不可欠,,,,,,,,
転換期,,,,,,,,
運用実績,,,,,,,,
ロールモデル,,,,,,,,
透明性,,,,,,,,
先駆者,,,,,,,,
研さん,,,,,,,,
均等,,,,,,,,
がよく,,,,,,,,
シミックカルチャー,,,,,,,,
好い,1,,,,,,,
what,,,,,,,,
採算,,,,,,,,
ほんとに,,,,,,,,
リードタイム,,,,,,,,
ポータブル,,,,,,,,
かたち,,,,,,,,
気付け,,,,,,,,
いって,,,,,,,,
勝負,,,,,,,,
斡旋,,,,,,,,
ｸﾗﾌﾞ,,,,,,,,
催促,,,,,,,,
生え抜き,,,,,,,,
熱い想い,,,,,,,,
オンコロジー,,,,,,,,
旧知,,,,,,,,
頑張り,,,,,,,,
ダウン,,,,,,,,
啣,,,,,,,,
Glover,,,,,,,,
個性的,,,,,,,,
ばりばり,,,,,,,,
ShLB,,,,,,,,
上層部,,,,,,,,
期間中,,,,,,,,
商,,,,,,,,
oqki,,,,,,,,
鏡,,,,,,,,
勉強会,,,,,,,,
正しけれ,,,,,,,,
自部,,,,,,,,
高齢者,,,,,,,,
お誘い,,,,,,,,
鳥,,,,,,,,
必要性,,,,,,,,
ｵ,,,,,,,,
やすし,,,,,,,,
税金,,,,,,,,
太鼓判,,,,,,,,
短,,,,,,,,
ども,,,,,,,,
gY,,,,,,,,
リーダ,,,,,,,,
合格,,,,,,,,
報道,,,,,,,,
プロモーション,,,,,,,,
アナログ,,,,,,,,
疲れ,,,,,,,,
Fit,,,,,,,,
5年後,,,,,,,,
DjD,,,,,,,,
ｲﾝｼﾃﾞﾝﾄ,,,,,,,,
けっこう,,,,,,,,
イノベーティブ,,,,,,,,
昼夜,,,,,,,,
字,,,,,,,,
So,,,,,,,,
Sm,,,,,,,,
介入,,,,,,,,
漫然と,,,,,,,,
401K,,,,,,,,
無借金経営,,,,,,,,
タイト,,,,,,,,
関係者,,,,,,,,
冒険,,,,,,,,
経営理念,,,,,,,,
根底,,,,,,,,
リクルー,,,,,,,,
SE,,,,,,,,
渟,,,,,,,,
ヤル気,,,,,,,,
50点,,,,,,,,
世間並,,,,,,,,
ついと,,,,,,,,
屋,,,,,,,,
すくなくとも,,,,,,,,
CAN,,,,,,,,
正解,,,,,,,,
界隈,,,,,,,,
醍醐味,,,,,,,,
スケジューラー,,,,,,,,
ＤＮＡ,,,,,,,,
モチベイション,,,,,,,,
なんと,,,,,,,,
隠居,,,,,,,,
財産,,,,,,,,
移行,,,,,,,,
温厚,,,,,,,,
窗,,,,,,,,
排除,,,,,,,,
のち,,,,,,,,
思い切り,,,,,,,,
ﾊｹ,,,,,,,,
未知数,,,,,,,,
引き抜き,,,,,,,,
ゆっくり,,,,,,,,
反応,,,,,,,,
提出,,,,,,,,
抜群,,,,,,,,
つら,,,,,,,,
最適化,,,,,,,,
歓び,,,,,,,,
hShWf,,,,,,,,
hLgMZ,,,,,,,,
瞑想,,,,,,,,
関西,,,,,,,,
ｗｃｍ,,,,,,,,
納期,,,,,,,,
出身地,,,,,,,,
田舎暮らし,,,,,,,,
qkj,,,,,,,,
もろ手,,,,,,,,
在り方,,,,,,,,
単純作業,,,,,,,,
屋外,,,,,,,,
普通に,,,,,,,,
デスクワーク,,,,,,,,
ごちゃごちゃ,-1,,,,,,,
DShoS,,,,,,,,
終始,,,,,,,,
ランキング,,,,,,,,
親会社,,,,,,,,
随分,,,,,,,,
余,,,,,,,,
組,,,,,,,,
4年,,,,,,,,
用語,,,,,,,,
早退,,,,,,,,
医薬,,,,,,,,
Kk,,,,,,,,
ロジカルシンキング,,,,,,,,
生業,,,,,,,,
部類,,,,,,,,
皷,,,,,,,,
明確化,,,,,,,,
_,,,,,,,,
給,,,,,,,,
キープ,,,,,,,,
Kj,,,,,,,,
動機,,,,,,,,
ドラマティック,,,,,,,,
不採用,,,,,,,,
謝罪,,,,,,,,
同性,,,,,,,,
もろ,,,,,,,,
媽,,,,,,,,
好奇心,,,,,,,,
筋,,,,,,,,
利益,,,,,,,,
風力,,,,,,,,
週休,,,,,,,,
消化率,,,,,,,,
集め,,,,,,,,
進路,,,,,,,,
付加価値,,,,,,,,
穉,,,,,,,,
甥,,,,,,,,
補強,,,,,,,,
審査,,,,,,,,
半減,,,,,,,,
苦しく,,,,,,,,
ﾌﾟﾛｼﾞｪｸﾄ,,,,,,,,
セキュリティベンダー,,,,,,,,
ﾕｹ,,,,,,,,
都度,,,,,,,,
短時間,,,,,,,,
一般常識,,,,,,,,
100点,,,,,,,,
企業名,,,,,,,,
勝ち,,,,,,,,
EU,,,,,,,,
計算,,,,,,,,
組み,,,,,,,,
富山県,,,,,,,,
鬢,,,,,,,,
どおり,,,,,,,,
w,,,,,,,,
1日,,,,,,,,
都会,,,,,,,,
熱心,,,,,,,,
賢い,1,,,,,,,
ジョブチャレンジ,,,,,,,,
先駆け,,,,,,,,
メッセ,,,,,,,,
せっかち,,,,,,,,
労働者,,,,,,,,
IT企業,,,,,,,,
淋しい,-1,,,,,,,
もともと,,,,,,,,
シメオン,,,,,,,,
免許,,,,,,,,
得,,,,,,,,
nwDt,,,,,,,,
発表,,,,,,,,
轣鬼,,,,,,,,
行き来,,,,,,,,
矛盾,,,,,,,,
薀,,,,,,,,
碆,,,,,,,,
精神論,,,,,,,,
案外,,,,,,,,
弱,,,,,,,,
事例,,,,,,,,
降格,,,,,,,,
aLB,,,,,,,,
Wff,,,,,,,,
蟻,,,,,,,,
No,,,,,,,,
ナンボ,,,,,,,,
WCM,,,,,,,,
WfJ,,,,,,,,
鴣,,,,,,,,
リード,,,,,,,,
ボーダーライン,,,,,,,,
i,,,,,,,,
カ月,,,,,,,,
恐れ,,,,,,,,
システマチック,,,,,,,,
精一杯,,,,,,,,
心がけ,,,,,,,,
低減,,,,,,,,
きき,,,,,,,,
保育所,,,,,,,,
押し,,,,,,,,
地元意識,,,,,,,,
ﾖｹｭ,,,,,,,,
しんどく,,,,,,,,
覚,,,,,,,,
脆弱,,,,,,,,
相場,,,,,,,,
労務,,,,,,,,
3日,,,,,,,,
ex.,,,,,,,,
充分,,,,,,,,
ぴったり,1,,,,,,,
クローズアップ,,,,,,,,
k2,,,,,,,,
internal,,,,,,,,
かつて,,,,,,,,
会社説明会,,,,,,,,
トライアル,,,,,,,,
仕事場,,,,,,,,
欲求,,,,,,,,
オペレーティブ,,,,,,,,
gyk,,,,,,,,
kM,,,,,,,,
備品,,,,,,,,
RBM,,,,,,,,
kW,,,,,,,,
協調,,,,,,,,
環境技術,,,,,,,,
過剰,,,,,,,,
kY,,,,,,,,
付き,,,,,,,,
salary,,,,,,,,
reward,,,,,,,,
覈,,,,,,,,
劣勢,,,,,,,,
英,,,,,,,,
就,,,,,,,,
はたらき,,,,,,,,
ぐにおすすめしがたいことや,,,,,,,,
欠落,,,,,,,,
規,,,,,,,,
減給,,,,,,,,
溶,,,,,,,,
平準化,,,,,,,,
プライオリティ,,,,,,,,
塩沢,,,,,,,,
徐々,,,,,,,,
ベンダー,,,,,,,,
弊,,,,,,,,
アクティビティ,,,,,,,,
ガイド,,,,,,,,
再編,,,,,,,,
意,,,,,,,,
どんなに,,,,,,,,
いつも,,,,,,,,
誰かのために,,,,,,,,
好,,,,,,,,
儉,,,,,,,,
シガラミ,,,,,,,,
正道,,,,,,,,
懐疑,,,,,,,,
派閥,,,,,,,,
つるし上げ,,,,,,,,
1つ,,,,,,,,
父親,,,,,,,,
士気,,,,,,,,
覿,,,,,,,,
暑,,,,,,,,
注力,,,,,,,,
ｰト,,,,,,,,
PHS,,,,,,,,
発達,,,,,,,,
干渉,,,,,,,,
いまひとつ,-1,,,,,,,
耳触り,,,,,,,,
嬌,,,,,,,,
炎上,,,,,,,,
プロ野球,,,,,,,,
活き活き,1,,,,,,,
売上げ,,,,,,,,
ｰド,,,,,,,,
なんとかなる,,,,,,,,
本業,,,,,,,,
１つ,,,,,,,,
下請け,,,,,,,,
度外視,,,,,,,,
候補,,,,,,,,
育児休業,,,,,,,,
優劣,,,,,,,,
LWfJ,,,,,,,,
ひろい,,,,,,,,
まっすぐ,,,,,,,,
5年前,,,,,,,,
母親,,,,,,,,
酷い,-1,,,,,,,
思案,,,,,,,,
稀,,,,,,,,
服装,,,,,,,,
デスク,,,,,,,,
縦横,,,,,,,,
体育会系,,,,,,,,
Maker,,,,,,,,
切迫,,,,,,,,
旅行,,,,,,,,
霑,,,,,,,,
嬉しい,1,,,,,,,
健康診断,,,,,,,,
易しく,,,,,,,,
IT系,,,,,,,,
CIP,,,,,,,,
Yes,,,,,,,,
気兼ね,,,,,,,,
口,,,,,,,,
高圧,,,,,,,,
ベンチマーク,,,,,,,,
コンサル,,,,,,,,
台,,,,,,,,
しまだ,,,,,,,,
アラフォー,,,,,,,,
いち早く,,,,,,,,
納会,,,,,,,,
決めて,,,,,,,,
○,,,,,,,,
シーズ,,,,,,,,
うってつけ,,,,,,,,
hgY,,,,,,,,
JDfo,,,,,,,,
不断,,,,,,,,
hDF,,,,,,,,
シッカリ,,,,,,,,
茨,,,,,,,,
勘違い,,,,,,,,
ブランド力,,,,,,,,
分別,,,,,,,,
東日本大震災,,,,,,,,
プロジェクトマネジメント,,,,,,,,
インフレ率,,,,,,,,
地方企業,,,,,,,,
32,,,,,,,,
諸手,,,,,,,,
アクティブ,,,,,,,,
SkjcfO,,,,,,,,
とにもかくにも,,,,,,,,
予備,,,,,,,,
両極端,,,,,,,,
事務局,,,,,,,,
人生の意義,,,,,,,,
出席,,,,,,,,
満載,,,,,,,,
お客,,,,,,,,
根から,,,,,,,,
キヤノン,,,,,,,,
ｻ,,,,,,,,
考える人,,,,,,,,
ｿ,,,,,,,,
瞬間,,,,,,,,
厚く,,,,,,,,
先ず,,,,,,,,
一員,,,,,,,,
MR,,,,,,,,
性別,,,,,,,,
ＦＢ,,,,,,,,
恥ずかしい,-1,,,,,,,
権,,,,,,,,
樽,,,,,,,,
リク,,,,,,,,
430,,,,,,,,
ﾌオ,,,,,,,,
y,,,,,,,,
できるかな,,,,,,,,
下降,,,,,,,,
原子力発電,,,,,,,,
態度,,,,,,,,
生き,,,,,,,,
ブランド,,,,,,,,
総務,,,,,,,,
教育訓練,,,,,,,,
hjc,,,,,,,,
倍,,,,,,,,
適度,,,,,,,,
一定の成果,,,,,,,,
息,,,,,,,,
サービス提供,,,,,,,,
ビジネスパーソン,,,,,,,,
国際基準,,,,,,,,
パターン,,,,,,,,
模索,,,,,,,,
3割,,,,,,,,
老若男女,,,,,,,,
Oh,,,,,,,,
評点,,,,,,,,
trendmicro,,,,,,,,
NPS,,,,,,,,
SY,,,,,,,,
嗜好,,,,,,,,
所在,,,,,,,,
痛烈,,,,,,,,
不向,,,,,,,,
フリーランス,,,,,,,,
利益率,,,,,,,,
江副,,,,,,,,
IPD,,,,,,,,
速く,,,,,,,,
多大,,,,,,,,
OD,,,,,,,,
8時間,,,,,,,,
キツサ,,,,,,,,
ヤング,,,,,,,,
ズレ,,,,,,,,
趣向,,,,,,,,
ビジネススキル,,,,,,,,
折衝,,,,,,,,
リファー,,,,,,,,
千差万別,,,,,,,,
フレックスタイム制,,,,,,,,
エゴ,,,,,,,,
HAPPY,,,,,,,,
第一線,,,,,,,,
ｽﾀﾝｽ,,,,,,,,
込,,,,,,,,
ランナー,,,,,,,,
嬶,,,,,,,,
独身者,,,,,,,,
FhY,,,,,,,,
VISION,,,,,,,,
癇,,,,,,,,
フルタイム,,,,,,,,
癌,,,,,,,,
高齢化社会,,,,,,,,
プライベード,,,,,,,,
ベストマッチ,,,,,,,,
当初,,,,,,,,
Operation,,,,,,,,
事象,,,,,,,,
力不足,,,,,,,,
温度感,,,,,,,,
折角,,,,,,,,
発,,,,,,,,
細切れ,,,,,,,,
学ぶ,,,,,,,,
心強い,1,,,,,,,
ゆるかろ,,,,,,,,
因子,,,,,,,,
りや,,,,,,,,
_灸,,,,,,,,
橋,,,,,,,,
システム開発,,,,,,,,
ブラック,,,,,,,,
早,,,,,,,,
広島,,,,,,,,
精度,,,,,,,,
相対評価,,,,,,,,
サイバーセキュリティ,,,,,,,,
甘く,,,,,,,,
jDhDQjDShLRCAg,,,,,,,,
2年,,,,,,,,
設備投資,,,,,,,,
旦,,,,,,,,
昨年4月,,,,,,,,
薬品,,,,,,,,
経営方針,,,,,,,,
震災,,,,,,,,
切り替え,,,,,,,,
機械,,,,,,,,
清潔,,,,,,,,
junior,,,,,,,,
拡充,,,,,,,,
ひとりひとり,,,,,,,,
完遂,,,,,,,,
問題意識,,,,,,,,
マインドセット,,,,,,,,
kj,,,,,,,,
狸,,,,,,,,
say,,,,,,,,
便器,,,,,,,,
フリーアドレス,,,,,,,,
危機感,,,,,,,,
一時,,,,,,,,
やろう,,,,,,,,
不条理,,,,,,,,
Hfhb,,,,,,,,
ジュニア,,,,,,,,
Th,,,,,,,,
不信感,,,,,,,,
LWB,,,,,,,,
自分らしさ,,,,,,,,
志の,,,,,,,,
属性,,,,,,,,
立て続け,,,,,,,,
ダイレクト,,,,,,,,
あっという間に,,,,,,,,
A1,,,,,,,,
辞退,,,,,,,,
A6,,,,,,,,
愚直,,,,,,,,
セクション,,,,,,,,
先取り,,,,,,,,
TA,,,,,,,,
効率化,,,,,,,,
AM,,,,,,,,
，,,,,,,,,
安泰,,,,,,,,
工夫,,,,,,,,
転換,,,,,,,,
濃淡,,,,,,,,
使い捨て,,,,,,,,
チーム内,,,,,,,,
gu,,,,,,,,
玖,,,,,,,,
もろ刃,,,,,,,,
10年後,,,,,,,,
かわり,,,,,,,,
処分,,,,,,,,
世界的,,,,,,,,
エスカレート,,,,,,,,
gn,,,,,,,,
レビュー,,,,,,,,
11月,,,,,,,,
プロトコル,,,,,,,,
hYH,,,,,,,,
あつい,,,,,,,,
結婚後,,,,,,,,
差別化,,,,,,,,
怖く,,,,,,,,
るし,,,,,,,,
元々,,,,,,,,
妙齢,,,,,,,,
怖い,,,,,,,,
飲食,,,,,,,,
るす,,,,,,,,
ジョブマッチング,,,,,,,,
大分,,,,,,,,
赤字経営,,,,,,,,
難しかっ,,,,,,,,
見極,,,,,,,,
通勤,,,,,,,,
業容,,,,,,,,
助け,,,,,,,,
一口,,,,,,,,
TW,,,,,,,,
次回,,,,,,,,
殿,,,,,,,,
後者,,,,,,,,
Dj,,,,,,,,
受けて,,,,,,,,
追及,,,,,,,,
ご時世,,,,,,,,
疑問符,,,,,,,,
歴代,,,,,,,,
一旦,,,,,,,,
ｹﾚｷ,,,,,,,,
細部,,,,,,,,
事業戦略,,,,,,,,
ローカライズ,,,,,,,,
やすかっ,,,,,,,,
oH,,,,,,,,
cfDjD,,,,,,,,
ｴﾍ,,,,,,,,
繁栄,,,,,,,,
改定,,,,,,,,
謁,,,,,,,,
JC,,,,,,,,
肉体,,,,,,,,
巧拙,,,,,,,,
10時間,,,,,,,,
所属チーム,,,,,,,,
雨風,,,,,,,,
トヨタ,,,,,,,,
22時,,,,,,,,
コミュニティ,,,,,,,,
黍,,,,,,,,
及第,,,,,,,,
支社,,,,,,,,
大嫌い,,,,,,,,
起業,,,,,,,,
中核,,,,,,,,
シュリンク,,,,,,,,
信賞必罰,,,,,,,,
推察,,,,,,,,
ワーカホリック,,,,,,,,
お世話,,,,,,,,
さほど,,,,,,,,
XnOL,,,,,,,,
明日,,,,,,,,
ｲﾗ,,,,,,,,
職人,,,,,,,,
FY,,,,,,,,
manage,,,,,,,,
ランチ,,,,,,,,
もち,,,,,,,,
振替休日,,,,,,,,
男尊女卑,,,,,,,,
珍しく,,,,,,,,
軽い,,,,,,,,
GGS,,,,,,,,
kJDfo,,,,,,,,
珍しい,1,,,,,,,
もお,,,,,,,,
所員,,,,,,,,
りき,,,,,,,,
ＣＲ,,,,,,,,
Fk,,,,,,,,
明示,,,,,,,,
jY,,,,,,,,
xnp,,,,,,,,
改編,,,,,,,,
求め,,,,,,,,
体質改善,,,,,,,,
殘,,,,,,,,
稀有,,,,,,,,
殀,,,,,,,,
か所,,,,,,,,
ﾄﾚｰﾆﾝｸﾞ,,,,,,,,
工事,,,,,,,,
田辺三菱,,,,,,,,
段,,,,,,,,
種,,,,,,,,
遅れ,,,,,,,,
f,,,,,,,,
商売,,,,,,,,
さること,,,,,,,,
おもいー,,,,,,,,
調,,,,,,,,
ちぐはぐ,,,,,,,,
ビジネスチャンス,,,,,,,,
イチイチ,,,,,,,,
殪,,,,,,,,
自己研鑽,,,,,,,,
WO,,,,,,,,
すてき,,,,,,,,
ソニー,,,,,,,,
QgjOg,,,,,,,,
YO,,,,,,,,
改正,,,,,,,,
自然,,,,,,,,
住,,,,,,,,
親し,,,,,,,,
素養,,,,,,,,
裏方,,,,,,,,
ありがちな,,,,,,,,
一個人,,,,,,,,
やまやま,,,,,,,,
Issue,,,,,,,,
顧,,,,,,,,
グリーン,,,,,,,,
強化,,,,,,,,
循環,,,,,,,,
消化,,,,,,,,
便利,,,,,,,,
ライト,,,,,,,,
ﾓﾆﾀｰ,,,,,,,,
４月,,,,,,,,
メンタル面,,,,,,,,
主旨,,,,,,,,
なぁな,,,,,,,,
根本的,,,,,,,,
あり方,,,,,,,,
オリジナリティ,,,,,,,,
コロコロ,,,,,,,,
喜んで,,,,,,,,
心理的,,,,,,,,
8年,,,,,,,,
人受け,,,,,,,,
希求,,,,,,,,
銀行,,,,,,,,
注意喚起,,,,,,,,
担い手,,,,,,,,
かたより,,,,,,,,
見た目,,,,,,,,
LBc,,,,,,,,
苦痛,,,,,,,,
ワーク・ライフ・バランス,,,,,,,,
強けれ,,,,,,,,
テスト,,,,,,,,
錺,,,,,,,,
Positive,,,,,,,,
RAD,,,,,,,,
人手,,,,,,,,
緩く,,,,,,,,
ＯgYL,,,,,,,,
マンパワー,,,,,,,,
結婚式,,,,,,,,
最中,,,,,,,,
予定通り,,,,,,,,
前のめり,,,,,,,,
ネタ,,,,,,,,
対策,,,,,,,,
40才,,,,,,,,
引け,,,,,,,,
FjJl,,,,,,,,
Can,,,,,,,,
ILBc,,,,,,,,
徐々に,,,,,,,,
勝手,,,,,,,,
北部,,,,,,,,
hWfo,,,,,,,,
hWfn,,,,,,,,
致し方,,,,,,,,
構想,,,,,,,,
KgB,,,,,,,,
LjDgY,,,,,,,,
痊,,,,,,,,
並み,,,,,,,,
何だか,,,,,,,,
軽微,,,,,,,,
卵,,,,,,,,
最悪,,,,,,,,
印,,,,,,,,
ガバナンス,,,,,,,,
本意,,,,,,,,
はり,,,,,,,,
引っ越し,,,,,,,,
一段,,,,,,,,
ゴーグル,,,,,,,,
複数個,,,,,,,,
無茶,,,,,,,,
沿い,,,,,,,,
機,,,,,,,,
バイアス,,,,,,,,
CSR,,,,,,,,
緊急,,,,,,,,
ソフト,,,,,,,,
シンドイ,,,,,,,,
順守,,,,,,,,
硬直,,,,,,,,
めて,,,,,,,,
神奈川,,,,,,,,
小生,,,,,,,,
看護士,,,,,,,,
times,,,,,,,,
29歳,,,,,,,,
東,,,,,,,,
刑,,,,,,,,
論,,,,,,,,
配置転換,,,,,,,,
ほんわか,,,,,,,,
とてつもない,,,,,,,,
イレギュラー,-1,,,,,,,
大切な人,,,,,,,,
ホームページ,,,,,,,,
含,,,,,,,,
支え,,,,,,,,
薬局,,,,,,,,
クオリティ,,,,,,,,
management,,,,,,,,
ジャンル,,,,,,,,
お返事,,,,,,,,
現地,,,,,,,,
何でもかんでも,,,,,,,,
iL,,,,,,,,
晃,,,,,,,,
啣琴,,,,,,,,
勤続年数,,,,,,,,
ガンガン,,,,,,,,
話題,,,,,,,,
キャリアチェンジ,,,,,,,,
錯覚,,,,,,,,
ﾂ,,,,,,,,
ﾃ,,,,,,,,
ﾀ,,,,,,,,
相手方,,,,,,,,
経営戦略,,,,,,,,
語学力,,,,,,,,
晩,,,,,,,,
乗り気,,,,,,,,
新規採用,,,,,,,,
過重労働,,,,,,,,
リスペクト,,,,,,,,
社宅,,,,,,,,
ジョブチェンジ,,,,,,,,
肯定,,,,,,,,
研究者,,,,,,,,
社内恋愛,,,,,,,,
萎縮,,,,,,,,
1週間,,,,,,,,
妊娠,,,,,,,,
友好,,,,,,,,
消灯,,,,,,,,
KWK,,,,,,,,
近,,,,,,,,
取組,,,,,,,,
お悔やみ,,,,,,,,
決め方,,,,,,,,
瓦解,,,,,,,,
かよく,,,,,,,,
ステイタス,,,,,,,,
電気,,,,,,,,
秩序,,,,,,,,
水,,,,,,,,
平易な,,,,,,,,
図り,,,,,,,,
いまだに,,,,,,,,
見通し,,,,,,,,
項,,,,,,,,
払拭,,,,,,,,
生き生き,1,,,,,,,
組織的,,,,,,,,
関,,,,,,,,
ノマド,,,,,,,,
真偽,,,,,,,,
スクリーニング,,,,,,,,
Uxn,,,,,,,,
受診,,,,,,,,
文句なし,,,,,,,,
日数,,,,,,,,
天職,,,,,,,,
締め切り,,,,,,,,
初期,,,,,,,,
ほど,,,,,,,,
発病,,,,,,,,
ニッチ,,,,,,,,
取引先,,,,,,,,
ﾌﾟﾗｲﾍﾞｰﾄ,,,,,,,,
平気,,,,,,,,
MUST,,,,,,,,
事業運営,,,,,,,,
底,,,,,,,,
勤め先,,,,,,,,
ほし,,,,,,,,
かぎり,,,,,,,,
孤独,,,,,,,,
15年,,,,,,,,
賀詞交換会,,,,,,,,
どれほど,,,,,,,,
疾走,,,,,,,,
点検,,,,,,,,
人員配置,,,,,,,,
ルーチン,,,,,,,,
26年,,,,,,,,
お話し,,,,,,,,
THE,,,,,,,,
形上,,,,,,,,
LDjD,,,,,,,,
望ましい,1,,,,,,,
エレガント,,,,,,,,
泳,,,,,,,,
トレードオフ,,,,,,,,
hS,,,,,,,,
ソコソコ,,,,,,,,
事柄,,,,,,,,
浮き沈み,,,,,,,,
ノウハウ,,,,,,,,
然,,,,,,,,
もったい,,,,,,,,
快く,,,,,,,,
ライフアンドワークバランス,,,,,,,,
醸成,,,,,,,,
マイペース,,,,,,,,
わくわく,1,,,,,,,
母,,,,,,,,
当月,,,,,,,,
運営,,,,,,,,
からら,,,,,,,,
先日,,,,,,,,
近況,,,,,,,,
主張,,,,,,,,
万,,,,,,,,
高額,,,,,,,,
報告,,,,,,,,
相変わらず,,,,,,,,
仲間たち,,,,,,,,
難関,,,,,,,,
セキュリティー,,,,,,,,
多国籍企業,,,,,,,,
_,,,,,,,,
組合,,,,,,,,
好ましい,1,,,,,,,
コーディネーター,,,,,,,,
講演,,,,,,,,
潰,,,,,,,,
技術部,,,,,,,,
ローテーション,,,,,,,,
スタディ,,,,,,,,
余計,,,,,,,,
役目,,,,,,,,
理想的,,,,,,,,
気まずく,,,,,,,,
履歴書,,,,,,,,
戦,,,,,,,,
ざっくばらん,,,,,,,,
はげしい,,,,,,,,
半部,,,,,,,,
ナンセンス,,,,,,,,
続き,,,,,,,,
Mgr,,,,,,,,
無力,,,,,,,,
開発者,,,,,,,,
着替え,,,,,,,,
リンク,,,,,,,,
はいつ,,,,,,,,
消極,,,,,,,,
就業規則,,,,,,,,
グローバル化,,,,,,,,
an,,,,,,,,
突然,,,,,,,,
点か,,,,,,,,
c,,,,,,,,
手厚けれ,,,,,,,,
むずかし,,,,,,,,
増し,,,,,,,,
QU,,,,,,,,
なんとか,,,,,,,,
母集団,,,,,,,,
感想,,,,,,,,
鰍,,,,,,,,
ＣＥＯ,,,,,,,,
この上ない,,,,,,,,
先頭,,,,,,,,
1番,,,,,,,,
幸い,,,,,,,,
フィール,,,,,,,,
論点,,,,,,,,
自動,,,,,,,,
法人,,,,,,,,
なに,,,,,,,,
裏,,,,,,,,
なぜ,,,,,,,,
ディズニーランド,,,,,,,,
環,,,,,,,,
惰性,,,,,,,,
高水準,,,,,,,,
まいなす,,,,,,,,
ダラダラ,,,,,,,,
如実,,,,,,,,
賞賛,,,,,,,,
でか,,,,,,,,
Function,,,,,,,,
着用,,,,,,,,
反省,,,,,,,,
がんばろう,,,,,,,,
廃止,,,,,,,,
寒い,,,,,,,,
割方,,,,,,,,
5部,,,,,,,,
牽引,,,,,,,,
画,,,,,,,,
リファラル,,,,,,,,
恐怖政治,,,,,,,,
49,,,,,,,,
めちゃめちゃ,,,,,,,,
歴,,,,,,,,
実直,,,,,,,,
もん,,,,,,,,
甘,,,,,,,,
Skill,,,,,,,,
BD,,,,,,,,
おもり,,,,,,,,
LgjDhMoB,,,,,,,,
人当たり,,,,,,,,
不可欠,,,,,,,,
クレーム,,,,,,,,
敏感,,,,,,,,
BP,,,,,,,,
炎天下,,,,,,,,
10年間,,,,,,,,
金曜,,,,,,,,
アンチウィルス,,,,,,,,
さら,,,,,,,,
禁止,,,,,,,,
リズム,,,,,,,,
Bk,,,,,,,,
目の当たり,,,,,,,,
手応え,,,,,,,,
シュー,,,,,,,,
家族サービス,,,,,,,,
一向に,,,,,,,,
公私混同,,,,,,,,
机上の空論,,,,,,,,
HITACHI,,,,,,,,
配分,,,,,,,,
急務,,,,,,,,
日立工機,,,,,,,,
団結,,,,,,,,
プロセス,,,,,,,,
綺,,,,,,,,
真っ最中,,,,,,,,
LDgB,,,,,,,,
hDc,,,,,,,,
入手,,,,,,,,
Online,,,,,,,,
Excel,,,,,,,,
なるか,,,,,,,,
楽しみ,,,,,,,,
悪い場所,,,,,,,,
婿,,,,,,,,
激励,,,,,,,,
年棒,,,,,,,,
たらいまわし,,,,,,,,
最終,,,,,,,,
製作所,,,,,,,,
変換,,,,,,,,
hＬK,,,,,,,,
SBoY,,,,,,,,
だいたい,,,,,,,,
しだい,,,,,,,,
交代勤務,,,,,,,,
野武士,,,,,,,,
大切なこと,,,,,,,,
りし,,,,,,,,
考える力,,,,,,,,
Up,,,,,,,,
気持ちよく,,,,,,,,
Т,,,,,,,,
ケースバイケース,,,,,,,,
土地,,,,,,,,
気分,,,,,,,,
創業,,,,,,,,
着任,,,,,,,,
自由闊達,,,,,,,,
不規則,,,,,,,,
人間力,,,,,,,,
りみ,,,,,,,,
給与所得,,,,,,,,
エンド,,,,,,,,
UK,,,,,,,,
大井川,,,,,,,,
第二新卒,,,,,,,,
救済,,,,,,,,
ともだち,,,,,,,,
互いに,,,,,,,,
社用,,,,,,,,
オーバー,,,,,,,,
拡張,,,,,,,,
登,,,,,,,,
組織変更,,,,,,,,
栽培マン,,,,,,,,
気概,,,,,,,,
8人,,,,,,,,
さと,,,,,,,,
NTTデータ,,,,,,,,
ピンからキリまで,,,,,,,,
一昨年,,,,,,,,
さは,,,,,,,,
一言,,,,,,,,
革新,,,,,,,,
兇,,,,,,,,
細か,,,,,,,,
ストレスフル,,,,,,,,
Talent,,,,,,,,
その家族,,,,,,,,
経営資源,,,,,,,,
はいる,,,,,,,,
一般論,,,,,,,,
hY,,,,,,,,
階層,,,,,,,,
馼,,,,,,,,
ころころ,,,,,,,,
馬,,,,,,,,
人望,,,,,,,,
9時,,,,,,,,
私語,,,,,,,,
アポイント,,,,,,,,
無法地帯,,,,,,,,
アイデア,,,,,,,,
80点,,,,,,,,
LYHfBRjDh,,,,,,,,
体感,,,,,,,,
しません,,,,,,,,
セット,,,,,,,,
20時,,,,,,,,
40,,,,,,,,
一社,,,,,,,,
キャラクター,,,,,,,,
県,,,,,,,,
プレゼン,,,,,,,,
作業者,,,,,,,,
5時,,,,,,,,
ＣＯＬ,,,,,,,,
存分,,,,,,,,
なるべく,,,,,,,,
疎通,,,,,,,,
最終面接,,,,,,,,
HfJ,,,,,,,,
gD,,,,,,,,
内部組織,,,,,,,,
生保,,,,,,,,
クール,,,,,,,,
葛藤,,,,,,,,
地点,,,,,,,,
姥,,,,,,,,
